"ID каталога","Модель","Память","ОЗУ","Цвет","SIM","Цена сайта","Результат","Строки таблицы","Цены в таблице","Точность"
"iphone-18-pro-max-1tb-esim-burgundy","iPhone 18 Pro Max","1TB","","Burgundy","eSim","206990","sold","1345","50000","Вариант iPhone"
"iphone-duo-512-esim-star-white","iPhone Duo","512","","Star White","eSim","259990","sold","1371","50000","Вариант iPhone"
"iphone-18-pro-1tb-esim-glacier","iPhone 18 Pro","1TB","","Glacier","eSim","182490","sold","1314","50000","Вариант iPhone"
"iphone-duo-2tb-esim-star-white","iPhone Duo","2TB","","Star White","eSim","329990","sold","1375","50000","Вариант iPhone"
"iphone-18-pro-512-esim-glacier","iPhone 18 Pro","512","","Glacier","eSim","162490","sold","1310","50000","Вариант iPhone"
"iphone-18-pro-max-256-esim-black","iPhone 18 Pro Max","256","","Black","eSim","169990","sold","1340","50000","Вариант iPhone"
"iphone-18-pro-512-esim-burgundy","iPhone 18 Pro","512","","Burgundy","eSim","161990","sold","1309","50000","Вариант iPhone"
"iphone-18-pro-max-2tb-esim-black","iPhone 18 Pro Max","2TB","","Black","eSim","229990","sold","1352","50000","Вариант iPhone"
"iphone-duo-256-esim-star-white","iPhone Duo","256","","Star White","eSim","239990","sold","1369","50000","Вариант iPhone"
"iphone-18-pro-max-512-sim-esim-burgundy","iPhone 18 Pro Max","512","","Burgundy","Sim/eSim","185990","sold","1360","50000","Вариант iPhone"
"iphone-duo-1tb-esim-star-white","iPhone Duo","1TB","","Star White","eSim","289990","sold","1373","50000","Вариант iPhone"
"iphone-18-pro-512-sim-esim-burgundy","iPhone 18 Pro","512","","Burgundy","Sim/eSim","163990","sold","1325","50000","Вариант iPhone"
"iphone-18-pro-1tb-sim-esim-black","iPhone 18 Pro","1TB","","Black","Sim/eSim","181990","sold","1332","50000","Вариант iPhone"
"iphone-18-pro-max-1tb-esim-black","iPhone 18 Pro Max","1TB","","Black","eSim","204990","sold","1348","50000","Вариант iPhone"
"iphone-18-pro-2tb-esim-glacier","iPhone 18 Pro","2TB","","Glacier","eSim","202490","sold","1318","50000","Вариант iPhone"
"iphone-18-pro-max-512-esim-silver","iPhone 18 Pro Max","512","","Silver","eSim","184990","sold","1343","50000","Вариант iPhone"
"iphone-18-pro-max-2tb-sim-esim-glacier","iPhone 18 Pro Max","2TB","","Glacier","Sim/eSim","234490","sold","1366","50000","Вариант iPhone"
"iphone-18-pro-512-sim-esim-silver","iPhone 18 Pro","512","","Silver","Sim/eSim","164990","sold","1328","50000","Вариант iPhone"
"iphone-18-pro-512-esim-silver","iPhone 18 Pro","512","","Silver","eSim","162990","sold","1311","50000","Вариант iPhone"
"iphone-18-pro-max-256-esim-glacier","iPhone 18 Pro Max","256","","Glacier","eSim","172490","sold","1338","50000","Вариант iPhone"
"iphone-18-pro-1tb-sim-esim-burgundy","iPhone 18 Pro","1TB","","Burgundy","Sim/eSim","183990","sold","1329","50000","Вариант iPhone"
"iphone-18-pro-max-1tb-esim-silver","iPhone 18 Pro Max","1TB","","Silver","eSim","207990","sold","1347","50000","Вариант iPhone"
"iphone-18-pro-max-512-sim-esim-silver","iPhone 18 Pro Max","512","","Silver","Sim/eSim","186990","sold","1357","50000","Вариант iPhone"
"iphone-18-pro-1tb-esim-silver","iPhone 18 Pro","1TB","","Silver","eSim","182990","sold","1315","50000","Вариант iPhone"
"iphone-18-pro-2tb-esim-burgundy","iPhone 18 Pro","2TB","","Burgundy","eSim","201990","sold","1317","50000","Вариант iPhone"
"iphone-18-pro-max-256-esim-burgundy","iPhone 18 Pro Max","256","","Burgundy","eSim","171990","sold","1337","50000","Вариант iPhone"
"iphone-18-pro-2tb-sim-esim-silver","iPhone 18 Pro","2TB","","Silver","Sim/eSim","204990","sold","1335","50000","Вариант iPhone"
"iphone-18-pro-max-1tb-sim-esim-burgundy","iPhone 18 Pro Max","1TB","","Burgundy","Sim/eSim","208990","sold","1361","50000","Вариант iPhone"
"iphone-18-pro-max-2tb-esim-silver","iPhone 18 Pro Max","2TB","","Silver","eSim","232990","sold","1351","50000","Вариант iPhone"
"iphone-18-pro-256-sim-esim-silver","iPhone 18 Pro","256","","Silver","Sim/eSim","152990","sold","1323","50000","Вариант iPhone"
"iphone-18-pro-2tb-esim-silver","iPhone 18 Pro","2TB","","Silver","eSim","202990","sold","1319","50000","Вариант iPhone"
"iphone-18-pro-max-256-sim-esim-black","iPhone 18 Pro Max","256","","Black","Sim/eSim","171990","sold","1355","50000","Вариант iPhone"
"iphone-18-pro-512-esim-black","iPhone 18 Pro","512","","Black","eSim","159990","sold","1312","50000","Вариант iPhone"
"iphone-18-pro-max-1tb-esim-glacier","iPhone 18 Pro Max","1TB","","Glacier","eSim","207490","sold","1346","50000","Вариант iPhone"
"iphone-18-pro-max-512-esim-glacier","iPhone 18 Pro Max","512","","Glacier","eSim","184490","sold","1342","50000","Вариант iPhone"
"iphone-18-pro-256-sim-esim-black","iPhone 18 Pro","256","","Black","Sim/eSim","149990","sold","1324","50000","Вариант iPhone"
"iphone-18-pro-1tb-esim-burgundy","iPhone 18 Pro","1TB","","Burgundy","eSim","181990","sold","1313","50000","Вариант iPhone"
"iphone-18-pro-max-2tb-sim-esim-silver","iPhone 18 Pro Max","2TB","","Silver","Sim/eSim","234990","sold","1367","50000","Вариант iPhone"
"iphone-18-pro-256-sim-esim-glacier","iPhone 18 Pro","256","","Glacier","Sim/eSim","152490","sold","1322","50000","Вариант iPhone"
"iphone-18-pro-max-512-esim-burgundy","iPhone 18 Pro Max","512","","Burgundy","eSim","183990","sold","1341","50000","Вариант iPhone"
"iphone-18-pro-max-256-sim-esim-silver","iPhone 18 Pro Max","256","","Silver","Sim/eSim","174990","sold","1354","50000","Вариант iPhone"
"iphone-18-pro-512-sim-esim-glacier","iPhone 18 Pro","512","","Glacier","Sim/eSim","164490","sold","1326","50000","Вариант iPhone"
"iphone-18-pro-256-esim-silver","iPhone 18 Pro","256","","Silver","eSim","150990","sold","1308","50000","Вариант iPhone"
"iphone-18-pro-max-2tb-esim-glacier","iPhone 18 Pro Max","2TB","","Glacier","eSim","232490","sold","1350","50000","Вариант iPhone"
"iphone-18-pro-1tb-sim-esim-glacier","iPhone 18 Pro","1TB","","Glacier","Sim/eSim","184490","sold","1330","50000","Вариант iPhone"
"iphone-18-pro-max-256-esim-silver","iPhone 18 Pro Max","256","","Silver","eSim","172990","sold","1339","50000","Вариант iPhone"
"iphone-18-pro-max-2tb-sim-esim-black","iPhone 18 Pro Max","2TB","","Black","Sim/eSim","231990","sold","1368","50000","Вариант iPhone"
"iphone-18-pro-2tb-sim-esim-burgundy","iPhone 18 Pro","2TB","","Burgundy","Sim/eSim","203990","sold","1333","50000","Вариант iPhone"
"iphone-18-pro-1tb-sim-esim-silver","iPhone 18 Pro","1TB","","Silver","Sim/eSim","184990","sold","1331","50000","Вариант iPhone"
"iphone-18-pro-max-512-sim-esim-black","iPhone 18 Pro Max","512","","Black","Sim/eSim","183990","sold","1358","50000","Вариант iPhone"
"iphone-18-pro-2tb-sim-esim-black","iPhone 18 Pro","2TB","","Black","Sim/eSim","201990","sold","1336","50000","Вариант iPhone"
"iphone-18-pro-max-2tb-sim-esim-burgundy","iPhone 18 Pro Max","2TB","","Burgundy","Sim/eSim","233990","sold","1365","50000","Вариант iPhone"
"iphone-18-pro-max-2tb-esim-burgundy","iPhone 18 Pro Max","2TB","","Burgundy","eSim","231990","sold","1349","50000","Вариант iPhone"
"iphone-18-pro-256-esim-black","iPhone 18 Pro","256","","Black","eSim","147990","sold","1305","50000","Вариант iPhone"
"iphone-18-pro-2tb-esim-black","iPhone 18 Pro","2TB","","Black","eSim","199990","sold","1320","50000","Вариант iPhone"
"iphone-18-pro-max-1tb-sim-esim-silver","iPhone 18 Pro Max","1TB","","Silver","Sim/eSim","209990","sold","1363","50000","Вариант iPhone"
"iphone-18-pro-256-sim-esim-burgundy","iPhone 18 Pro","256","","Burgundy","Sim/eSim","151990","sold","1321","50000","Вариант iPhone"
"iphone-18-pro-max-512-esim-black","iPhone 18 Pro Max","512","","Black","eSim","181990","sold","1344","50000","Вариант iPhone"
"iphone-18-pro-max-256-sim-esim-burgundy","iPhone 18 Pro Max","256","","Burgundy","Sim/eSim","173990","sold","1356","50000","Вариант iPhone"
"iphone-18-pro-1tb-esim-black","iPhone 18 Pro","1TB","","Black","eSim","179990","sold","1316","50000","Вариант iPhone"
"iphone-18-pro-256-esim-glacier","iPhone 18 Pro","256","","Glacier","eSim","150490","sold","1307","50000","Вариант iPhone"
"iphone-18-pro-max-256-sim-esim-glacier","iPhone 18 Pro Max","256","","Glacier","Sim/eSim","174490","sold","1353","50000","Вариант iPhone"
"iphone-18-pro-512-sim-esim-black","iPhone 18 Pro","512","","Black","Sim/eSim","161990","sold","1327","50000","Вариант iPhone"
"iphone-18-pro-max-512-sim-esim-glacier","iPhone 18 Pro Max","512","","Glacier","Sim/eSim","186490","sold","1359","50000","Вариант iPhone"
"iphone-18-pro-max-1tb-sim-esim-glacier","iPhone 18 Pro Max","1TB","","Glacier","Sim/eSim","209490","sold","1362","50000","Вариант iPhone"
"iphone-18-pro-256-esim-burgundy","iPhone 18 Pro","256","","Burgundy","eSim","149990","sold","1306","50000","Вариант iPhone"
"iphone-18-pro-2tb-sim-esim-glacier","iPhone 18 Pro","2TB","","Glacier","Sim/eSim","204490","sold","1334","50000","Вариант iPhone"
"iphone-18-pro-max-1tb-sim-esim-black","iPhone 18 Pro Max","1TB","","Black","Sim/eSim","206990","sold","1364","50000","Вариант iPhone"
"iphone-16-plus-256-black","iPhone 16 Plus","256","","Black","—","69990","sold","126","50000","Вариант iPhone"
"iphone-17-pro-1tb-esim-deep-blue","iPhone 17 Pro","1TB","","Deep Blue","eSim","124990","sold","875","50000","Вариант iPhone"
"iphone-13-128-midnight","iPhone 13","128","","Midnight","—","46990","sold","26","50000","Вариант iPhone"
"iphone-17-256-sim-esim-mist-blue","iPhone 17","256","","Mist Blue","Sim/eSim","75990","sold","919","50000","Вариант iPhone"
"iphone-14-128-purple","iPhone 14","128","","Purple","—","49990","not_sold","47","1","Вариант iPhone"
"iphone-15-plus-128-pink","iPhone 15 Plus","128","","Pink","—","50990","not_sold","539","1","Вариант iPhone"
"iphone-16-128-ultramarine","iPhone 16","128","","Ultramarine","—","64990","sold","105","50000","Вариант iPhone"
"iphone-17-512-esim-lavender","iPhone 17","512","","Lavender","eSim","92990","sold","923","50000","Вариант iPhone"
"iphone-13-128-pink","iPhone 13","128","","Pink","—","46990","not_sold","29","1","Вариант iPhone"
"iphone-17-pro-256-esim-cosmic-orange","iPhone 17 Pro","256","","Cosmic Orange","eSim","97990","sold","864","50000","Вариант iPhone"
"iphone-16-plus-256-teal","iPhone 16 Plus","256","","Teal","—","69990","sold","123","50000","Вариант iPhone"
"iphone-17-pro-256-sim-esim-deep-blue","iPhone 17 Pro","256","","Deep Blue","Sim/eSim","99990","sold","866","50000","Вариант iPhone"
"iphone-13-128-green","iPhone 13","128","","Green","—","46990","not_sold","31","1","Вариант iPhone"
"iphone-17-512-sim-esim-lavender","iPhone 17","512","","Lavender","Sim/eSim","88990","sold","908","50000","Вариант iPhone"
"iphone-17e-256-black","iPhone 17e","256","","Black","—","55990","sold","1203;1206","50000;50000","Вариант iPhone"
"iphone-17-pro-max-512-esim-cosmic-orange","iPhone 17 Pro Max","512","","Cosmic Orange","eSim","119990","sold","889","50000","Вариант iPhone"
"iphone-16e-128-white","iPhone 16e","128","","White","—","44990","sold","707","50000","Вариант iPhone"
"iphone-15-256-blue","iPhone 15","256","","Blue","—","64990","sold","65","50000","Вариант iPhone"
"iphone-17-pro-max-512-sim-esim-deep-blue","iPhone 17 Pro Max","512","","Deep Blue","Sim/eSim","129990","sold","895","50000","Вариант iPhone"
"iphone-16-pro-max-256-natural-titanium","iPhone 16 Pro Max","256","","Natural Titanium","—","98990","conflict","150;841","50000;1","Вариант iPhone"
"iphone-15-256-yellow","iPhone 15","256","","Yellow","—","64990","sold","67","50000","Вариант iPhone"
"iphone-17-pro-max-512-esim-silver","iPhone 17 Pro Max","512","","Silver","eSim","121990","sold","888","50000","Вариант iPhone"
"iphone-16e-256-white","iPhone 16e","256","","White","—","54990","sold","705","50000","Вариант iPhone"
"iphone-16-plus-128-pink","iPhone 16 Plus","128","","Pink","—","64990","sold","119","50000","Вариант iPhone"
"iphone-17-pro-256-sim-esim-cosmic-orange","iPhone 17 Pro","256","","Cosmic Orange","Sim/eSim","99990","sold","867","50000","Вариант iPhone"
"iphone-17-pro-512-sim-esim-silver","iPhone 17 Pro","512","","Silver","Sim/eSim","123990","sold","874","50000","Вариант iPhone"
"iphone-17-pro-1tb-esim-cosmic-orange","iPhone 17 Pro","1TB","","Cosmic Orange","eSim","124990","sold","876","50000","Вариант iPhone"
"iphone-16-plus-128-ultramarine","iPhone 16 Plus","128","","Ultramarine","—","64990","sold","120","50000","Вариант iPhone"
"iphone-17-pro-max-1tb-esim-silver","iPhone 17 Pro Max","1TB","","Silver","eSim","136990","sold","891","50000","Вариант iPhone"
"iphone-air-256-space-black","iPhone Air","256","","Space Black","—","73990","sold","851","50000","Вариант iPhone"
"iphone-17-256-sim-esim-white","iPhone 17","256","","White","Sim/eSim","75990","sold","915","50000","Вариант iPhone"
"iphone-16-plus-128-white","iPhone 16 Plus","128","","White","—","64990","sold","117","50000","Вариант iPhone"
"iphone-17-pro-1tb-sim-esim-deep-blue","iPhone 17 Pro","1TB","","Deep Blue","Sim/eSim","134990","sold","878","50000","Вариант iPhone"
"iphone-17-pro-max-1tb-sim-esim-silver","iPhone 17 Pro Max","1TB","","Silver","Sim/eSim","151990","sold","897","50000","Вариант iPhone"
"iphone-17-pro-1tb-sim-esim-cosmic-orange","iPhone 17 Pro","1TB","","Cosmic Orange","Sim/eSim","135990","sold","879","50000","Вариант iPhone"
"iphone-air-256-light-gold","iPhone Air","256","","Light Gold","—","73990","sold","853","50000","Вариант iPhone"
"iphone-air-256-cloud-white","iPhone Air","256","","Cloud White","—","73990","sold","852","50000","Вариант iPhone"
"iphone-17-512-sim-esim-black","iPhone 17","512","","Black","Sim/eSim","88990","sold","906","50000","Вариант iPhone"
"iphone-17e-256-pink","iPhone 17e","256","","Pink","—","55990","sold","1205;1208","50000;50000","Вариант iPhone"
"iphone-17-pro-256-esim-silver","iPhone 17 Pro","256","","Silver","eSim","99990","sold","865","50000","Вариант iPhone"
"iphone-16-plus-128-teal","iPhone 16 Plus","128","","Teal","—","64990","sold","118","50000","Вариант iPhone"
"iphone-15-128-green","iPhone 15","128","","Green","—","54990","sold","63","50000","Вариант iPhone"
"iphone-air-512-sky-blue","iPhone Air","512","","Sky Blue","—","83990","sold","858","50000","Вариант iPhone"
"iphone-17-512-esim-black","iPhone 17","512","","Black","eSim","88990","sold","921","50000","Вариант iPhone"
"iphone-16-plus-256-white","iPhone 16 Plus","256","","White","—","69990","sold","122","50000","Вариант iPhone"
"iphone-15-128-blue","iPhone 15","128","","Blue","—","54990","sold","60","50000","Вариант iPhone"
"iphone-17-256-esim-mist-blue","iPhone 17","256","","Mist Blue","eSim","74990","sold","914","50000","Вариант iPhone"
"iphone-16-256-ultramarine","iPhone 16","256","","Ultramarine","—","70990","sold","110","50000","Вариант iPhone"
"iphone-17-pro-max-256-esim-cosmic-orange","iPhone 17 Pro Max","256","","Cosmic Orange","eSim","105990","sold","886","50000","Вариант iPhone"
"iphone-17-pro-max-256-sim-esim-deep-blue","iPhone 17 Pro Max","256","","Deep Blue","Sim/eSim","109990","sold","883","50000","Вариант iPhone"
"iphone-16-256-pink","iPhone 16","256","","Pink","—","70990","sold","109","50000","Вариант iPhone"
"iphone-17-pro-max-2tb-esim-silver","iPhone 17 Pro Max","2TB","","Silver","eSim","164990","sold","900","50000","Вариант iPhone"
"iphone-15-256-green","iPhone 15","256","","Green","—","64990","sold","68","50000","Вариант iPhone"
"iphone-17e-256-white","iPhone 17e","256","","White","—","55990","sold","1204;1207","50000;50000","Вариант iPhone"
"iphone-16-pro-max-256-black-titanium","iPhone 16 Pro Max","256","","Black Titanium","—","98990","conflict","151;842","50000;1","Вариант iPhone"
"iphone-air-1tb-light-gold","iPhone Air","1TB","","Light Gold","—","92990","sold","861","50000","Вариант iPhone"
"iphone-15-plus-256-blue","iPhone 15 Plus","256","","Blue","—","59990","not_sold","545","1","Вариант iPhone"
"iphone-16-pro-max-256-desert-titanium","iPhone 16 Pro Max","256","","Desert Titanium","—","98990","conflict","149;840","50000;1","Вариант iPhone"
"iphone-17-pro-max-256-esim-deep-blue","iPhone 17 Pro Max","256","","Deep Blue","eSim","105990","sold","884","50000","Вариант iPhone"
"iphone-17-pro-256-sim-esim-silver","iPhone 17 Pro","256","","Silver","Sim/eSim","101990","sold","868","50000","Вариант iPhone"
"iphone-17-pro-256-esim-deep-blue","iPhone 17 Pro","256","","Deep Blue","eSim","97990","sold","863","50000","Вариант iPhone"
"iphone-17-pro-max-2tb-sim-esim-cosmic-orange","iPhone 17 Pro Max","2TB","","Cosmic Orange","Sim/eSim","174990","sold","902","50000","Вариант iPhone"
"iphone-air-256-sky-blue","iPhone Air","256","","Sky Blue","—","73990","sold","854","50000","Вариант iPhone"
"iphone-17-pro-512-sim-esim-cosmic-orange","iPhone 17 Pro","512","","Cosmic Orange","Sim/eSim","119990","sold","873","50000","Вариант iPhone"
"iphone-16-256-teal","iPhone 16","256","","Teal","—","70990","sold","108","50000","Вариант iPhone"
"iphone-16-pro-128-desert-titanium","iPhone 16 Pro","128","","Desert Titanium","—","82990","conflict","133;824","50000;1","Вариант iPhone"
"iphone-14-128-blue","iPhone 14","128","","Blue","—","49990","not_sold","46","1","Вариант iPhone"
"iphone-17-pro-max-1tb-esim-cosmic-orange","iPhone 17 Pro Max","1TB","","Cosmic Orange","eSim","136990","sold","892","50000","Вариант iPhone"
"iphone-15-128-black","iPhone 15","128","","Black","—","54990","sold","61","50000","Вариант iPhone"
"iphone-17-pro-max-1tb-sim-esim-deep-blue","iPhone 17 Pro Max","1TB","","Deep Blue","Sim/eSim","149990","sold","898","50000","Вариант iPhone"
"iphone-16-plus-256-ultramarine","iPhone 16 Plus","256","","Ultramarine","—","69990","sold","125","50000","Вариант iPhone"
"iphone-15-256-pink","iPhone 15","256","","Pink","—","64990","sold","64","50000","Вариант iPhone"
"iphone-17-pro-max-256-sim-esim-cosmic-orange","iPhone 17 Pro Max","256","","Cosmic Orange","Sim/eSim","110990","sold","881","50000","Вариант iPhone"
"iphone-15-plus-128-yellow","iPhone 15 Plus","128","","Yellow","—","50990","not_sold","542","1","Вариант iPhone"
"iphone-14-128-product-red","iPhone 14","128","","(PRODUCT)RED","—","49990","not_sold","48","1","Вариант iPhone"
"iphone-17-256-esim-black","iPhone 17","256","","Black","eSim","74990","sold","911","50000","Вариант iPhone"
"iphone-17-pro-max-256-esim-silver","iPhone 17 Pro Max","256","","Silver","eSim","105990","sold","885","50000","Вариант iPhone"
"iphone-17-512-sim-esim-white","iPhone 17","512","","White","Sim/eSim","88990","sold","905","50000","Вариант iPhone"
"iphone-15-256-black","iPhone 15","256","","Black","—","64990","sold","66","50000","Вариант iPhone"
"iphone-17-pro-max-1tb-sim-esim-cosmic-orange","iPhone 17 Pro Max","1TB","","Cosmic Orange","Sim/eSim","151990","sold","896","50000","Вариант iPhone"
"iphone-17-pro-max-2tb-esim-deep-blue","iPhone 17 Pro Max","2TB","","Deep Blue","eSim","154990","sold","899","50000","Вариант iPhone"
"iphone-16-128-pink","iPhone 16","128","","Pink","—","64990","sold","104","50000","Вариант iPhone"
"iphone-16-128-black","iPhone 16","128","","Black","—","64990","sold","106","50000","Вариант iPhone"
"iphone-16-pro-max-256-white-titanium","iPhone 16 Pro Max","256","","White Titanium","—","98990","conflict","148;839","50000;1","Вариант iPhone"
"iphone-15-plus-128-blue","iPhone 15 Plus","128","","Blue","—","50990","not_sold","540","1","Вариант iPhone"
"iphone-15-plus-128-green","iPhone 15 Plus","128","","Green","—","50990","not_sold","543","1","Вариант iPhone"
"iphone-13-128-blue","iPhone 13","128","","Blue","—","46990","not_sold","30","1","Вариант iPhone"
"iphone-17-512-esim-mist-blue","iPhone 17","512","","Mist Blue","eSim","91990","sold","924","50000","Вариант iPhone"
"iphone-16-256-black","iPhone 16","256","","Black","—","70990","sold","111","50000","Вариант iPhone"
"iphone-17-pro-1tb-sim-esim-silver","iPhone 17 Pro","1TB","","Silver","Sim/eSim","145990","sold","880","50000","Вариант iPhone"
"iphone-16-128-teal","iPhone 16","128","","Teal","—","64990","sold","103","50000","Вариант iPhone"
"iphone-15-plus-256-green","iPhone 15 Plus","256","","Green","—","59990","not_sold","548","1","Вариант iPhone"
"iphone-17-256-sim-esim-sage","iPhone 17","256","","Sage","Sim/eSim","75990","sold","917","50000","Вариант iPhone"
"iphone-16-pro-128-black-titanium","iPhone 16 Pro","128","","Black Titanium","—","82990","conflict","135;826","50000;1","Вариант iPhone"
"iphone-15-plus-256-yellow","iPhone 15 Plus","256","","Yellow","—","59990","not_sold","547","1","Вариант iPhone"
"iphone-17-pro-max-512-esim-deep-blue","iPhone 17 Pro Max","512","","Deep Blue","eSim","120990","sold","887","50000","Вариант iPhone"
"iphone-15-128-pink","iPhone 15","128","","Pink","—","54990","sold","59","50000","Вариант iPhone"
"iphone-14-128-yellow","iPhone 14","128","","Yellow","—","49990","not_found","","","Вариант iPhone"
"iphone-17-pro-512-esim-deep-blue","iPhone 17 Pro","512","","Deep Blue","eSim","115990","sold","869","50000","Вариант iPhone"
"iphone-17-pro-max-512-sim-esim-silver","iPhone 17 Pro Max","512","","Silver","Sim/eSim","132990","sold","894","50000","Вариант iPhone"
"iphone-17-256-esim-sage","iPhone 17","256","","Sage","eSim","74990","sold","912","50000","Вариант iPhone"
"iphone-13-128-product-red","iPhone 13","128","","(PRODUCT)RED","—","46990","not_sold","28","1","Вариант iPhone"
"iphone-17-512-sim-esim-mist-blue","iPhone 17","512","","Mist Blue","Sim/eSim","88990","sold","909","50000","Вариант iPhone"
"iphone-13-128-starlight","iPhone 13","128","","Starlight","—","46990","sold","27","50000","Вариант iPhone"
"iphone-17-pro-max-512-sim-esim-cosmic-orange","iPhone 17 Pro Max","512","","Cosmic Orange","Sim/eSim","129990","sold","893","50000","Вариант iPhone"
"iphone-17-256-sim-esim-lavender","iPhone 17","256","","Lavender","Sim/eSim","75990","sold","918","50000","Вариант iPhone"
"iphone-16e-128-black","iPhone 16e","128","","Black","—","44990","sold","708","50000","Вариант iPhone"
"iphone-15-plus-256-pink","iPhone 15 Plus","256","","Pink","—","59990","not_sold","544","1","Вариант iPhone"
"iphone-17-256-esim-white","iPhone 17","256","","White","eSim","74990","sold","910","50000","Вариант iPhone"
"iphone-17-pro-512-esim-cosmic-orange","iPhone 17 Pro","512","","Cosmic Orange","eSim","112990","sold","870","50000","Вариант iPhone"
"iphone-air-1tb-sky-blue","iPhone Air","1TB","","Sky Blue","—","92990","sold","862","50000","Вариант iPhone"
"iphone-15-plus-128-black","iPhone 15 Plus","128","","Black","—","50990","not_sold","541","1","Вариант iPhone"
"iphone-17-pro-512-sim-esim-deep-blue","iPhone 17 Pro","512","","Deep Blue","Sim/eSim","119990","sold","872","50000","Вариант iPhone"
"iphone-air-512-space-black","iPhone Air","512","","Space Black","—","83990","sold","855","50000","Вариант iPhone"
"iphone-16-128-white","iPhone 16","128","","White","—","64990","sold","102","50000","Вариант iPhone"
"iphone-17-512-sim-esim-sage","iPhone 17","512","","Sage","Sim/eSim","88990","sold","907","50000","Вариант iPhone"
"iphone-17-256-esim-lavender","iPhone 17","256","","Lavender","eSim","74990","sold","913","50000","Вариант iPhone"
"iphone-air-512-cloud-white","iPhone Air","512","","Cloud White","—","83990","sold","856","50000","Вариант iPhone"
"iphone-16e-256-black","iPhone 16e","256","","Black","—","54990","sold","706","50000","Вариант iPhone"
"iphone-17-pro-max-2tb-sim-esim-silver","iPhone 17 Pro Max","2TB","","Silver","Sim/eSim","174990","sold","903","50000","Вариант iPhone"
"iphone-15-plus-256-black","iPhone 15 Plus","256","","Black","—","59990","not_sold","546","1","Вариант iPhone"
"iphone-17-pro-512-esim-silver","iPhone 17 Pro","512","","Silver","eSim","112990","sold","871","50000","Вариант iPhone"
"iphone-air-1tb-space-black","iPhone Air","1TB","","Space Black","—","92990","sold","859","50000","Вариант iPhone"
"iphone-16-pro-128-natural-titanium","iPhone 16 Pro","128","","Natural Titanium","—","82990","conflict","134;825","50000;1","Вариант iPhone"
"iphone-14-128-starlight","iPhone 14","128","","Starlight","—","49990","not_sold","45","1","Вариант iPhone"
"iphone-14-128-midnight","iPhone 14","128","","Midnight","—","49990","sold","44","50000","Вариант iPhone"
"iphone-15-128-yellow","iPhone 15","128","","Yellow","—","54990","sold","62","50000","Вариант iPhone"
"iphone-air-1tb-cloud-white","iPhone Air","1TB","","Cloud White","—","92990","sold","860","50000","Вариант iPhone"
"iphone-16-256-white","iPhone 16","256","","White","—","70990","sold","107","50000","Вариант iPhone"
"iphone-17-256-sim-esim-black","iPhone 17","256","","Black","Sim/eSim","75990","sold","916","50000","Вариант iPhone"
"iphone-16-plus-256-pink","iPhone 16 Plus","256","","Pink","—","69990","sold","124","50000","Вариант iPhone"
"iphone-16-plus-128-black","iPhone 16 Plus","128","","Black","—","64990","sold","121","50000","Вариант iPhone"
"iphone-16-pro-128-white-titanium","iPhone 16 Pro","128","","White Titanium","—","82990","conflict","132;823","50000;1","Вариант iPhone"
"iphone-17-pro-1tb-esim-silver","iPhone 17 Pro","1TB","","Silver","eSim","129990","sold","877","50000","Вариант iPhone"
"iphone-17-pro-max-2tb-esim-cosmic-orange","iPhone 17 Pro Max","2TB","","Cosmic Orange","eSim","152990","sold","901","50000","Вариант iPhone"
"iphone-17-pro-max-256-sim-esim-silver","iPhone 17 Pro Max","256","","Silver","Sim/eSim","111990","sold","882","50000","Вариант iPhone"
"iphone-17-pro-max-2tb-sim-esim-deep-blue","iPhone 17 Pro Max","2TB","","Deep Blue","Sim/eSim","174990","sold","904","50000","Вариант iPhone"
"iphone-air-512-light-gold","iPhone Air","512","","Light Gold","—","83990","sold","857","50000","Вариант iPhone"
"iphone-17-pro-max-1tb-esim-deep-blue","iPhone 17 Pro Max","1TB","","Deep Blue","eSim","136990","sold","890","50000","Вариант iPhone"
"samsung-galaxy-s24-ultra-12-256-titanium-black","Samsung Galaxy S24 Ultra","256 GB","12 GB","Titanium Black","Dual SIM / eSIM","66990","Модель только с ценой 1","434;435;436;437;438;439;440;441","","Только модель"
"samsung-galaxy-s24-ultra-12-256-titanium-gray","Samsung Galaxy S24 Ultra","256 GB","12 GB","Titanium Gray","Dual SIM / eSIM","66990","Модель только с ценой 1","434;435;436;437;438;439;440;441","","Только модель"
"samsung-galaxy-s24-ultra-12-256-titanium-violet","Samsung Galaxy S24 Ultra","256 GB","12 GB","Titanium Violet","Dual SIM / eSIM","66990","Модель только с ценой 1","434;435;436;437;438;439;440;441","","Только модель"
"samsung-galaxy-s24-ultra-12-256-titanium-yellow","Samsung Galaxy S24 Ultra","256 GB","12 GB","Titanium Yellow","Dual SIM / eSIM","66990","Модель только с ценой 1","434;435;436;437;438;439;440;441","","Только модель"
"samsung-galaxy-s24-ultra-12-512-titanium-black","Samsung Galaxy S24 Ultra","512 GB","12 GB","Titanium Black","Dual SIM / eSIM","70990","Модель только с ценой 1","434;435;436;437;438;439;440;441","","Только модель"
"samsung-galaxy-s24-ultra-12-512-titanium-gray","Samsung Galaxy S24 Ultra","512 GB","12 GB","Titanium Gray","Dual SIM / eSIM","70990","Модель только с ценой 1","434;435;436;437;438;439;440;441","","Только модель"
"samsung-galaxy-s24-ultra-12-512-titanium-violet","Samsung Galaxy S24 Ultra","512 GB","12 GB","Titanium Violet","Dual SIM / eSIM","70990","Модель только с ценой 1","434;435;436;437;438;439;440;441","","Только модель"
"samsung-galaxy-s24-ultra-12-512-titanium-yellow","Samsung Galaxy S24 Ultra","512 GB","12 GB","Titanium Yellow","Dual SIM / eSIM","70990","Модель только с ценой 1","434;435;436;437;438;439;440;441","","Только модель"
"samsung-galaxy-s25-12-256-navy","Samsung Galaxy S25","256 GB","12 GB","Navy","Dual SIM / eSIM","54990","Модель есть в таблице","742;743;744;745","","Только модель"
"samsung-galaxy-s25-12-256-icyblue","Samsung Galaxy S25","256 GB","12 GB","Icyblue","Dual SIM / eSIM","54990","Модель есть в таблице","742;743;744;745","","Только модель"
"samsung-galaxy-s25-12-256-mint","Samsung Galaxy S25","256 GB","12 GB","Mint","Dual SIM / eSIM","54990","Модель есть в таблице","742;743;744;745","","Только модель"
"samsung-galaxy-s25-12-256-silver-shadow","Samsung Galaxy S25","256 GB","12 GB","Silver Shadow","Dual SIM / eSIM","54990","Модель есть в таблице","742;743;744;745","","Только модель"
"samsung-galaxy-s25-12-512-navy","Samsung Galaxy S25","512 GB","12 GB","Navy","Dual SIM / eSIM","64990","Модель есть в таблице","742;743;744;745","","Только модель"
"samsung-galaxy-s25-12-512-icyblue","Samsung Galaxy S25","512 GB","12 GB","Icyblue","Dual SIM / eSIM","64990","Модель есть в таблице","742;743;744;745","","Только модель"
"samsung-galaxy-s25-12-512-mint","Samsung Galaxy S25","512 GB","12 GB","Mint","Dual SIM / eSIM","64990","Модель есть в таблице","742;743;744;745","","Только модель"
"samsung-galaxy-s25-12-512-silver-shadow","Samsung Galaxy S25","512 GB","12 GB","Silver Shadow","Dual SIM / eSIM","64990","Модель есть в таблице","742;743;744;745","","Только модель"
"samsung-galaxy-s25-fe-8-256-navy","Samsung Galaxy S25 FE","256 GB","8 GB","Navy","Dual SIM / eSIM","49990","Название модели не найдено","","","Только модель"
"samsung-galaxy-s25-fe-8-256-jetblack","Samsung Galaxy S25 FE","256 GB","8 GB","Jetblack","Dual SIM / eSIM","49990","Название модели не найдено","","","Только модель"
"samsung-galaxy-s25-fe-8-256-icyblue","Samsung Galaxy S25 FE","256 GB","8 GB","Icyblue","Dual SIM / eSIM","49990","Название модели не найдено","","","Только модель"
"samsung-galaxy-s25-fe-8-256-white","Samsung Galaxy S25 FE","256 GB","8 GB","White","Dual SIM / eSIM","49990","Название модели не найдено","","","Только модель"
"samsung-galaxy-s25-fe-8-512-navy","Samsung Galaxy S25 FE","512 GB","8 GB","Navy","Dual SIM / eSIM","54990","Название модели не найдено","","","Только модель"
"samsung-galaxy-s25-fe-8-512-jetblack","Samsung Galaxy S25 FE","512 GB","8 GB","Jetblack","Dual SIM / eSIM","54990","Название модели не найдено","","","Только модель"
"samsung-galaxy-s25-fe-8-512-icyblue","Samsung Galaxy S25 FE","512 GB","8 GB","Icyblue","Dual SIM / eSIM","54990","Название модели не найдено","","","Только модель"
"samsung-galaxy-s25-fe-8-512-white","Samsung Galaxy S25 FE","512 GB","8 GB","White","Dual SIM / eSIM","54990","Название модели не найдено","","","Только модель"
"samsung-galaxy-s25-plus-12-256-navy","Samsung Galaxy S25 Plus","256 GB","12 GB","Navy","Dual SIM / eSIM","59990","Модель есть в таблице","746;747;748;749;750;751;752;753","","Только модель"
"samsung-galaxy-s25-plus-12-256-icyblue","Samsung Galaxy S25 Plus","256 GB","12 GB","Icyblue","Dual SIM / eSIM","59990","Модель есть в таблице","746;747;748;749;750;751;752;753","","Только модель"
"samsung-galaxy-s25-plus-12-256-mint","Samsung Galaxy S25 Plus","256 GB","12 GB","Mint","Dual SIM / eSIM","59990","Модель есть в таблице","746;747;748;749;750;751;752;753","","Только модель"
"samsung-galaxy-s25-plus-12-256-silver-shadow","Samsung Galaxy S25 Plus","256 GB","12 GB","Silver Shadow","Dual SIM / eSIM","59990","Модель есть в таблице","746;747;748;749;750;751;752;753","","Только модель"
"samsung-galaxy-s25-plus-12-512-navy","Samsung Galaxy S25 Plus","512 GB","12 GB","Navy","Dual SIM / eSIM","71990","Модель есть в таблице","746;747;748;749;750;751;752;753","","Только модель"
"samsung-galaxy-s25-plus-12-512-icyblue","Samsung Galaxy S25 Plus","512 GB","12 GB","Icyblue","Dual SIM / eSIM","71990","Модель есть в таблице","746;747;748;749;750;751;752;753","","Только модель"
"samsung-galaxy-s25-plus-12-512-mint","Samsung Galaxy S25 Plus","512 GB","12 GB","Mint","Dual SIM / eSIM","71990","Модель есть в таблице","746;747;748;749;750;751;752;753","","Только модель"
"samsung-galaxy-s25-plus-12-512-silver-shadow","Samsung Galaxy S25 Plus","512 GB","12 GB","Silver Shadow","Dual SIM / eSIM","71990","Модель есть в таблице","746;747;748;749;750;751;752;753","","Только модель"
"samsung-galaxy-s25-ultra-12-256-titanium-silverblue","Samsung Galaxy S25 Ultra","256 GB","12 GB","Titanium Silverblue","Dual SIM / eSIM","68990","Модель есть в таблице","754;755;756;757;1153;1154;1155;1156;1157;1158;1159;1160","","Только модель"
"samsung-galaxy-s25-ultra-12-256-titanium-gray","Samsung Galaxy S25 Ultra","256 GB","12 GB","Titanium Gray","Dual SIM / eSIM","68990","Модель есть в таблице","754;755;756;757;1153;1154;1155;1156;1157;1158;1159;1160","","Только модель"
"samsung-galaxy-s25-ultra-12-256-titanium-black","Samsung Galaxy S25 Ultra","256 GB","12 GB","Titanium Black","Dual SIM / eSIM","68990","Модель есть в таблице","754;755;756;757;1153;1154;1155;1156;1157;1158;1159;1160","","Только модель"
"samsung-galaxy-s25-ultra-12-256-titanium-whitesilver","Samsung Galaxy S25 Ultra","256 GB","12 GB","Titanium Whitesilver","Dual SIM / eSIM","68990","Модель есть в таблице","754;755;756;757;1153;1154;1155;1156;1157;1158;1159;1160","","Только модель"
"samsung-galaxy-s25-ultra-12-512-titanium-silverblue","Samsung Galaxy S25 Ultra","512 GB","12 GB","Titanium Silverblue","Dual SIM / eSIM","78990","Модель есть в таблице","754;755;756;757;1153;1154;1155;1156;1157;1158;1159;1160","","Только модель"
"samsung-galaxy-s25-ultra-12-512-titanium-gray","Samsung Galaxy S25 Ultra","512 GB","12 GB","Titanium Gray","Dual SIM / eSIM","78990","Модель есть в таблице","754;755;756;757;1153;1154;1155;1156;1157;1158;1159;1160","","Только модель"
"samsung-galaxy-s25-ultra-12-512-titanium-black","Samsung Galaxy S25 Ultra","512 GB","12 GB","Titanium Black","Dual SIM / eSIM","78990","Модель есть в таблице","754;755;756;757;1153;1154;1155;1156;1157;1158;1159;1160","","Только модель"
"samsung-galaxy-s25-ultra-12-512-titanium-whitesilver","Samsung Galaxy S25 Ultra","512 GB","12 GB","Titanium Whitesilver","Dual SIM / eSIM","78990","Модель есть в таблице","754;755;756;757;1153;1154;1155;1156;1157;1158;1159;1160","","Только модель"
"samsung-galaxy-s25-ultra-12-1tb-titanium-silverblue","Samsung Galaxy S25 Ultra","1 TB","12 GB","Titanium Silverblue","Dual SIM / eSIM","80990","Модель есть в таблице","754;755;756;757;1153;1154;1155;1156;1157;1158;1159;1160","","Только модель"
"samsung-galaxy-s25-ultra-12-1tb-titanium-gray","Samsung Galaxy S25 Ultra","1 TB","12 GB","Titanium Gray","Dual SIM / eSIM","80990","Модель есть в таблице","754;755;756;757;1153;1154;1155;1156;1157;1158;1159;1160","","Только модель"
"samsung-galaxy-s25-ultra-12-1tb-titanium-black","Samsung Galaxy S25 Ultra","1 TB","12 GB","Titanium Black","Dual SIM / eSIM","80990","Модель есть в таблице","754;755;756;757;1153;1154;1155;1156;1157;1158;1159;1160","","Только модель"
"samsung-galaxy-s25-ultra-12-1tb-titanium-whitesilver","Samsung Galaxy S25 Ultra","1 TB","12 GB","Titanium Whitesilver","Dual SIM / eSIM","80990","Модель есть в таблице","754;755;756;757;1153;1154;1155;1156;1157;1158;1159;1160","","Только модель"
"samsung-galaxy-s25-edge-12-256-titanium-icyblue","Samsung Galaxy S25 Edge","256 GB","12 GB","Titanium Icyblue","Dual SIM / eSIM","51990","Название модели не найдено","","","Только модель"
"samsung-galaxy-s25-edge-12-256-titanium-silver","Samsung Galaxy S25 Edge","256 GB","12 GB","Titanium Silver","Dual SIM / eSIM","51990","Название модели не найдено","","","Только модель"
"samsung-galaxy-s25-edge-12-256-titanium-jetblack","Samsung Galaxy S25 Edge","256 GB","12 GB","Titanium Jetblack","Dual SIM / eSIM","51990","Название модели не найдено","","","Только модель"
"samsung-galaxy-s25-edge-12-512-titanium-icyblue","Samsung Galaxy S25 Edge","512 GB","12 GB","Titanium Icyblue","Dual SIM / eSIM","59990","Название модели не найдено","","","Только модель"
"samsung-galaxy-s25-edge-12-512-titanium-silver","Samsung Galaxy S25 Edge","512 GB","12 GB","Titanium Silver","Dual SIM / eSIM","59990","Название модели не найдено","","","Только модель"
"samsung-galaxy-s25-edge-12-512-titanium-jetblack","Samsung Galaxy S25 Edge","512 GB","12 GB","Titanium Jetblack","Dual SIM / eSIM","59990","Название модели не найдено","","","Только модель"
"samsung-galaxy-s26-12-256-cobalt-violet","Samsung Galaxy S26","256 GB","12 GB","Cobalt Violet","Dual SIM / eSIM","57990","Модель есть в таблице","1161;1162;1163;1164;1165;1166;1167;1168;1169;1170;1171;1172","","Только модель"
"samsung-galaxy-s26-12-256-sky-blue","Samsung Galaxy S26","256 GB","12 GB","Sky Blue","Dual SIM / eSIM","57990","Модель есть в таблице","1161;1162;1163;1164;1165;1166;1167;1168;1169;1170;1171;1172","","Только модель"
"samsung-galaxy-s26-12-256-black","Samsung Galaxy S26","256 GB","12 GB","Black","Dual SIM / eSIM","57990","Модель есть в таблице","1161;1162;1163;1164;1165;1166;1167;1168;1169;1170;1171;1172","","Только модель"
"samsung-galaxy-s26-12-256-white","Samsung Galaxy S26","256 GB","12 GB","White","Dual SIM / eSIM","57990","Модель есть в таблице","1161;1162;1163;1164;1165;1166;1167;1168;1169;1170;1171;1172","","Только модель"
"samsung-galaxy-s26-12-512-cobalt-violet","Samsung Galaxy S26","512 GB","12 GB","Cobalt Violet","Dual SIM / eSIM","68990","Модель есть в таблице","1161;1162;1163;1164;1165;1166;1167;1168;1169;1170;1171;1172","","Только модель"
"samsung-galaxy-s26-12-512-sky-blue","Samsung Galaxy S26","512 GB","12 GB","Sky Blue","Dual SIM / eSIM","68990","Модель есть в таблице","1161;1162;1163;1164;1165;1166;1167;1168;1169;1170;1171;1172","","Только модель"
"samsung-galaxy-s26-12-512-black","Samsung Galaxy S26","512 GB","12 GB","Black","Dual SIM / eSIM","68990","Модель есть в таблице","1161;1162;1163;1164;1165;1166;1167;1168;1169;1170;1171;1172","","Только модель"
"samsung-galaxy-s26-12-512-white","Samsung Galaxy S26","512 GB","12 GB","White","Dual SIM / eSIM","68990","Модель есть в таблице","1161;1162;1163;1164;1165;1166;1167;1168;1169;1170;1171;1172","","Только модель"
"samsung-galaxy-s26-plus-12-256-cobalt-violet","Samsung Galaxy S26 Plus","256 GB","12 GB","Cobalt Violet","Dual SIM / eSIM","65990","Модель есть в таблице","1173;1174;1175;1176;1177;1178;1179;1180;1181;1182;1183;1184","","Только модель"
"samsung-galaxy-s26-plus-12-256-sky-blue","Samsung Galaxy S26 Plus","256 GB","12 GB","Sky Blue","Dual SIM / eSIM","65990","Модель есть в таблице","1173;1174;1175;1176;1177;1178;1179;1180;1181;1182;1183;1184","","Только модель"
"samsung-galaxy-s26-plus-12-256-black","Samsung Galaxy S26 Plus","256 GB","12 GB","Black","Dual SIM / eSIM","65990","Модель есть в таблице","1173;1174;1175;1176;1177;1178;1179;1180;1181;1182;1183;1184","","Только модель"
"samsung-galaxy-s26-plus-12-256-white","Samsung Galaxy S26 Plus","256 GB","12 GB","White","Dual SIM / eSIM","65990","Модель есть в таблице","1173;1174;1175;1176;1177;1178;1179;1180;1181;1182;1183;1184","","Только модель"
"samsung-galaxy-s26-plus-12-512-cobalt-violet","Samsung Galaxy S26 Plus","512 GB","12 GB","Cobalt Violet","Dual SIM / eSIM","77990","Модель есть в таблице","1173;1174;1175;1176;1177;1178;1179;1180;1181;1182;1183;1184","","Только модель"
"samsung-galaxy-s26-plus-12-512-sky-blue","Samsung Galaxy S26 Plus","512 GB","12 GB","Sky Blue","Dual SIM / eSIM","77990","Модель есть в таблице","1173;1174;1175;1176;1177;1178;1179;1180;1181;1182;1183;1184","","Только модель"
"samsung-galaxy-s26-plus-12-512-black","Samsung Galaxy S26 Plus","512 GB","12 GB","Black","Dual SIM / eSIM","77990","Модель есть в таблице","1173;1174;1175;1176;1177;1178;1179;1180;1181;1182;1183;1184","","Только модель"
"samsung-galaxy-s26-plus-12-512-white","Samsung Galaxy S26 Plus","512 GB","12 GB","White","Dual SIM / eSIM","77990","Модель есть в таблице","1173;1174;1175;1176;1177;1178;1179;1180;1181;1182;1183;1184","","Только модель"
"samsung-galaxy-s26-ultra-12-256-cobalt-violet","Samsung Galaxy S26 Ultra","256 GB","12 GB","Cobalt Violet","Dual SIM / eSIM","78990","Модель есть в таблице","1185;1186;1187;1188;1189;1190;1191;1192;1193;1194;1195;1196;1197;1198;1199;1200;1201;1202","","Только модель"
"samsung-galaxy-s26-ultra-12-256-sky-blue","Samsung Galaxy S26 Ultra","256 GB","12 GB","Sky Blue","Dual SIM / eSIM","78990","Модель есть в таблице","1185;1186;1187;1188;1189;1190;1191;1192;1193;1194;1195;1196;1197;1198;1199;1200;1201;1202","","Только модель"
"samsung-galaxy-s26-ultra-12-256-black","Samsung Galaxy S26 Ultra","256 GB","12 GB","Black","Dual SIM / eSIM","78990","Модель есть в таблице","1185;1186;1187;1188;1189;1190;1191;1192;1193;1194;1195;1196;1197;1198;1199;1200;1201;1202","","Только модель"
"samsung-galaxy-s26-ultra-12-256-white","Samsung Galaxy S26 Ultra","256 GB","12 GB","White","Dual SIM / eSIM","78990","Модель есть в таблице","1185;1186;1187;1188;1189;1190;1191;1192;1193;1194;1195;1196;1197;1198;1199;1200;1201;1202","","Только модель"
"samsung-galaxy-s26-ultra-12-512-cobalt-violet","Samsung Galaxy S26 Ultra","512 GB","12 GB","Cobalt Violet","Dual SIM / eSIM","94990","Модель есть в таблице","1185;1186;1187;1188;1189;1190;1191;1192;1193;1194;1195;1196;1197;1198;1199;1200;1201;1202","","Только модель"
"samsung-galaxy-s26-ultra-12-512-sky-blue","Samsung Galaxy S26 Ultra","512 GB","12 GB","Sky Blue","Dual SIM / eSIM","94990","Модель есть в таблице","1185;1186;1187;1188;1189;1190;1191;1192;1193;1194;1195;1196;1197;1198;1199;1200;1201;1202","","Только модель"
"samsung-galaxy-s26-ultra-12-512-black","Samsung Galaxy S26 Ultra","512 GB","12 GB","Black","Dual SIM / eSIM","94990","Модель есть в таблице","1185;1186;1187;1188;1189;1190;1191;1192;1193;1194;1195;1196;1197;1198;1199;1200;1201;1202","","Только модель"
"samsung-galaxy-s26-ultra-12-512-white","Samsung Galaxy S26 Ultra","512 GB","12 GB","White","Dual SIM / eSIM","94990","Модель есть в таблице","1185;1186;1187;1188;1189;1190;1191;1192;1193;1194;1195;1196;1197;1198;1199;1200;1201;1202","","Только модель"
"samsung-galaxy-s26-ultra-16-1tb-cobalt-violet","Samsung Galaxy S26 Ultra","1 TB","16 GB","Cobalt Violet","Dual SIM / eSIM","114990","Модель есть в таблице","1185;1186;1187;1188;1189;1190;1191;1192;1193;1194;1195;1196;1197;1198;1199;1200;1201;1202","","Только модель"
"samsung-galaxy-s26-ultra-16-1tb-sky-blue","Samsung Galaxy S26 Ultra","1 TB","16 GB","Sky Blue","Dual SIM / eSIM","114990","Модель есть в таблице","1185;1186;1187;1188;1189;1190;1191;1192;1193;1194;1195;1196;1197;1198;1199;1200;1201;1202","","Только модель"
"samsung-galaxy-s26-ultra-16-1tb-black","Samsung Galaxy S26 Ultra","1 TB","16 GB","Black","Dual SIM / eSIM","114990","Модель есть в таблице","1185;1186;1187;1188;1189;1190;1191;1192;1193;1194;1195;1196;1197;1198;1199;1200;1201;1202","","Только модель"
"samsung-galaxy-s26-ultra-16-1tb-white","Samsung Galaxy S26 Ultra","1 TB","16 GB","White","Dual SIM / eSIM","114990","Модель есть в таблице","1185;1186;1187;1188;1189;1190;1191;1192;1193;1194;1195;1196;1197;1198;1199;1200;1201;1202","","Только модель"
"samsung-galaxy-a57-8-128-awesome-icyblue","Samsung Galaxy A57","128 GB","8 GB","Awesome Icyblue","Dual SIM / eSIM","29990","Название модели не найдено","","","Только модель"
"samsung-galaxy-a57-8-128-awesome-gray","Samsung Galaxy A57","128 GB","8 GB","Awesome Gray","Dual SIM / eSIM","29990","Название модели не найдено","","","Только модель"
"samsung-galaxy-a57-8-128-awesome-navy","Samsung Galaxy A57","128 GB","8 GB","Awesome Navy","Dual SIM / eSIM","29990","Название модели не найдено","","","Только модель"
"samsung-galaxy-a57-8-256-awesome-icyblue","Samsung Galaxy A57","256 GB","8 GB","Awesome Icyblue","Dual SIM / eSIM","33990","Название модели не найдено","","","Только модель"
"samsung-galaxy-a57-8-256-awesome-gray","Samsung Galaxy A57","256 GB","8 GB","Awesome Gray","Dual SIM / eSIM","33990","Название модели не найдено","","","Только модель"
"samsung-galaxy-a57-8-256-awesome-navy","Samsung Galaxy A57","256 GB","8 GB","Awesome Navy","Dual SIM / eSIM","33990","Название модели не найдено","","","Только модель"
"samsung-galaxy-a57-12-256-awesome-icyblue","Samsung Galaxy A57","256 GB","12 GB","Awesome Icyblue","Dual SIM / eSIM","37990","Название модели не найдено","","","Только модель"
"samsung-galaxy-a57-12-256-awesome-gray","Samsung Galaxy A57","256 GB","12 GB","Awesome Gray","Dual SIM / eSIM","37990","Название модели не найдено","","","Только модель"
"samsung-galaxy-a57-12-256-awesome-navy","Samsung Galaxy A57","256 GB","12 GB","Awesome Navy","Dual SIM / eSIM","37990","Название модели не найдено","","","Только модель"
"samsung-galaxy-a57-12-512-awesome-icyblue","Samsung Galaxy A57","512 GB","12 GB","Awesome Icyblue","Dual SIM / eSIM","44990","Название модели не найдено","","","Только модель"
"samsung-galaxy-a57-12-512-awesome-gray","Samsung Galaxy A57","512 GB","12 GB","Awesome Gray","Dual SIM / eSIM","44990","Название модели не найдено","","","Только модель"
"samsung-galaxy-a57-12-512-awesome-navy","Samsung Galaxy A57","512 GB","12 GB","Awesome Navy","Dual SIM / eSIM","44990","Название модели не найдено","","","Только модель"
"samsung-galaxy-a37-8-128-gray-green","Samsung Galaxy A37","128 GB","8 GB","Gray Green","Dual SIM / eSIM","25990","Название модели не найдено","","","Только модель"
"samsung-galaxy-a37-8-128-lavender","Samsung Galaxy A37","128 GB","8 GB","Lavender","Dual SIM / eSIM","25990","Название модели не найдено","","","Только модель"
"samsung-galaxy-a37-8-128-charcoal","Samsung Galaxy A37","128 GB","8 GB","Charcoal","Dual SIM / eSIM","25990","Название модели не найдено","","","Только модель"
"samsung-galaxy-a37-8-128-white","Samsung Galaxy A37","128 GB","8 GB","White","Dual SIM / eSIM","25990","Название модели не найдено","","","Только модель"
"samsung-galaxy-a37-8-256-gray-green","Samsung Galaxy A37","256 GB","8 GB","Gray Green","Dual SIM / eSIM","29990","Название модели не найдено","","","Только модель"
"samsung-galaxy-a37-8-256-lavender","Samsung Galaxy A37","256 GB","8 GB","Lavender","Dual SIM / eSIM","29990","Название модели не найдено","","","Только модель"
"samsung-galaxy-a37-8-256-charcoal","Samsung Galaxy A37","256 GB","8 GB","Charcoal","Dual SIM / eSIM","29990","Название модели не найдено","","","Только модель"
"samsung-galaxy-a37-8-256-white","Samsung Galaxy A37","256 GB","8 GB","White","Dual SIM / eSIM","29990","Название модели не найдено","","","Только модель"
"samsung-galaxy-a37-12-256-gray-green","Samsung Galaxy A37","256 GB","12 GB","Gray Green","Dual SIM / eSIM","30990","Название модели не найдено","","","Только модель"
"samsung-galaxy-a37-12-256-lavender","Samsung Galaxy A37","256 GB","12 GB","Lavender","Dual SIM / eSIM","30990","Название модели не найдено","","","Только модель"
"samsung-galaxy-a37-12-256-charcoal","Samsung Galaxy A37","256 GB","12 GB","Charcoal","Dual SIM / eSIM","30990","Название модели не найдено","","","Только модель"
"samsung-galaxy-a37-12-256-white","Samsung Galaxy A37","256 GB","12 GB","White","Dual SIM / eSIM","30990","Название модели не найдено","","","Только модель"
"samsung-galaxy-a17-4-128-black","Samsung Galaxy A17","128 GB","4 GB","Black","Dual SIM / eSIM","13990","Название модели не найдено","","","Только модель"
"samsung-galaxy-a17-4-128-gray","Samsung Galaxy A17","128 GB","4 GB","Gray","Dual SIM / eSIM","13990","Название модели не найдено","","","Только модель"
"samsung-galaxy-a17-4-128-light-blue","Samsung Galaxy A17","128 GB","4 GB","Light Blue","Dual SIM / eSIM","13990","Название модели не найдено","","","Только модель"
"samsung-galaxy-a17-6-128-black","Samsung Galaxy A17","128 GB","6 GB","Black","Dual SIM / eSIM","15990","Название модели не найдено","","","Только модель"
"samsung-galaxy-a17-6-128-gray","Samsung Galaxy A17","128 GB","6 GB","Gray","Dual SIM / eSIM","15990","Название модели не найдено","","","Только модель"
"samsung-galaxy-a17-6-128-light-blue","Samsung Galaxy A17","128 GB","6 GB","Light Blue","Dual SIM / eSIM","15990","Название модели не найдено","","","Только модель"
"samsung-galaxy-a17-8-256-black","Samsung Galaxy A17","256 GB","8 GB","Black","Dual SIM / eSIM","18990","Название модели не найдено","","","Только модель"
"samsung-galaxy-a17-8-256-gray","Samsung Galaxy A17","256 GB","8 GB","Gray","Dual SIM / eSIM","18990","Название модели не найдено","","","Только модель"
"samsung-galaxy-a17-8-256-light-blue","Samsung Galaxy A17","256 GB","8 GB","Light Blue","Dual SIM / eSIM","18990","Название модели не найдено","","","Только модель"
"samsung-galaxy-z-fold-8-12-256-lavender","Samsung Galaxy Z Fold 8","256 GB","12 GB","Lavender","Dual SIM / eSIM","131990","Название модели не найдено","","","Только модель"
"samsung-galaxy-z-fold-8-12-256-graphite","Samsung Galaxy Z Fold 8","256 GB","12 GB","Graphite","Dual SIM / eSIM","131990","Название модели не найдено","","","Только модель"
"samsung-galaxy-z-fold-8-12-256-cream","Samsung Galaxy Z Fold 8","256 GB","12 GB","Cream","Dual SIM / eSIM","131990","Название модели не найдено","","","Только модель"
"samsung-galaxy-z-fold-8-12-256-pistachio","Samsung Galaxy Z Fold 8","256 GB","12 GB","Pistachio","Dual SIM / eSIM","131990","Название модели не найдено","","","Только модель"
"samsung-galaxy-z-fold-8-12-512-lavender","Samsung Galaxy Z Fold 8","512 GB","12 GB","Lavender","Dual SIM / eSIM","152990","Название модели не найдено","","","Только модель"
"samsung-galaxy-z-fold-8-12-512-graphite","Samsung Galaxy Z Fold 8","512 GB","12 GB","Graphite","Dual SIM / eSIM","152990","Название модели не найдено","","","Только модель"
"samsung-galaxy-z-fold-8-12-512-cream","Samsung Galaxy Z Fold 8","512 GB","12 GB","Cream","Dual SIM / eSIM","152990","Название модели не найдено","","","Только модель"
"samsung-galaxy-z-fold-8-12-512-pistachio","Samsung Galaxy Z Fold 8","512 GB","12 GB","Pistachio","Dual SIM / eSIM","152990","Название модели не найдено","","","Только модель"
"samsung-galaxy-z-fold-8-16-1tb-lavender","Samsung Galaxy Z Fold 8","1 TB","16 GB","Lavender","Dual SIM / eSIM","179990","Название модели не найдено","","","Только модель"
"samsung-galaxy-z-fold-8-16-1tb-graphite","Samsung Galaxy Z Fold 8","1 TB","16 GB","Graphite","Dual SIM / eSIM","179990","Название модели не найдено","","","Только модель"
"samsung-galaxy-z-fold-8-16-1tb-cream","Samsung Galaxy Z Fold 8","1 TB","16 GB","Cream","Dual SIM / eSIM","179990","Название модели не найдено","","","Только модель"
"samsung-galaxy-z-fold-8-16-1tb-pistachio","Samsung Galaxy Z Fold 8","1 TB","16 GB","Pistachio","Dual SIM / eSIM","179990","Название модели не найдено","","","Только модель"
"samsung-galaxy-z-flip-8-12-256-pink","Samsung Galaxy Z Flip 8","256 GB","12 GB","Pink","Dual SIM / eSIM","89990","Название модели не найдено","","","Только модель"
"samsung-galaxy-z-flip-8-12-256-graphite","Samsung Galaxy Z Flip 8","256 GB","12 GB","Graphite","Dual SIM / eSIM","89990","Название модели не найдено","","","Только модель"
"samsung-galaxy-z-flip-8-12-256-cream","Samsung Galaxy Z Flip 8","256 GB","12 GB","Cream","Dual SIM / eSIM","89990","Название модели не найдено","","","Только модель"
"samsung-galaxy-z-flip-8-12-256-mint","Samsung Galaxy Z Flip 8","256 GB","12 GB","Mint","Dual SIM / eSIM","89990","Название модели не найдено","","","Только модель"
"samsung-galaxy-z-flip-8-12-512-pink","Samsung Galaxy Z Flip 8","512 GB","12 GB","Pink","Dual SIM / eSIM","105990","Название модели не найдено","","","Только модель"
"samsung-galaxy-z-flip-8-12-512-graphite","Samsung Galaxy Z Flip 8","512 GB","12 GB","Graphite","Dual SIM / eSIM","105990","Название модели не найдено","","","Только модель"
"samsung-galaxy-z-flip-8-12-512-cream","Samsung Galaxy Z Flip 8","512 GB","12 GB","Cream","Dual SIM / eSIM","105990","Название модели не найдено","","","Только модель"
"samsung-galaxy-z-flip-8-12-512-mint","Samsung Galaxy Z Flip 8","512 GB","12 GB","Mint","Dual SIM / eSIM","105990","Название модели не найдено","","","Только модель"
"samsung-galaxy-z-fold-8-ultra-12-256-green-shadow","Samsung Galaxy Z Fold 8 Ultra","256 GB","12 GB","Green Shadow","Dual SIM / eSIM","142990","Название модели не найдено","","","Только модель"
"samsung-galaxy-z-fold-8-ultra-12-256-violet-shadow","Samsung Galaxy Z Fold 8 Ultra","256 GB","12 GB","Violet Shadow","Dual SIM / eSIM","142990","Название модели не найдено","","","Только модель"
"samsung-galaxy-z-fold-8-ultra-12-256-graphite","Samsung Galaxy Z Fold 8 Ultra","256 GB","12 GB","Graphite","Dual SIM / eSIM","142990","Название модели не найдено","","","Только модель"
"samsung-galaxy-z-fold-8-ultra-12-256-cream","Samsung Galaxy Z Fold 8 Ultra","256 GB","12 GB","Cream","Dual SIM / eSIM","142990","Название модели не найдено","","","Только модель"
"samsung-galaxy-z-fold-8-ultra-12-512-green-shadow","Samsung Galaxy Z Fold 8 Ultra","512 GB","12 GB","Green Shadow","Dual SIM / eSIM","164990","Название модели не найдено","","","Только модель"
"samsung-galaxy-z-fold-8-ultra-12-512-violet-shadow","Samsung Galaxy Z Fold 8 Ultra","512 GB","12 GB","Violet Shadow","Dual SIM / eSIM","164990","Название модели не найдено","","","Только модель"
"samsung-galaxy-z-fold-8-ultra-12-512-graphite","Samsung Galaxy Z Fold 8 Ultra","512 GB","12 GB","Graphite","Dual SIM / eSIM","164990","Название модели не найдено","","","Только модель"
"samsung-galaxy-z-fold-8-ultra-12-512-cream","Samsung Galaxy Z Fold 8 Ultra","512 GB","12 GB","Cream","Dual SIM / eSIM","164990","Название модели не найдено","","","Только модель"
"samsung-galaxy-z-fold-8-ultra-16-1tb-green-shadow","Samsung Galaxy Z Fold 8 Ultra","1 TB","16 GB","Green Shadow","Dual SIM / eSIM","201990","Название модели не найдено","","","Только модель"
"samsung-galaxy-z-fold-8-ultra-16-1tb-violet-shadow","Samsung Galaxy Z Fold 8 Ultra","1 TB","16 GB","Violet Shadow","Dual SIM / eSIM","201990","Название модели не найдено","","","Только модель"
"samsung-galaxy-z-fold-8-ultra-16-1tb-graphite","Samsung Galaxy Z Fold 8 Ultra","1 TB","16 GB","Graphite","Dual SIM / eSIM","201990","Название модели не найдено","","","Только модель"
"samsung-galaxy-z-fold-8-ultra-16-1tb-cream","Samsung Galaxy Z Fold 8 Ultra","1 TB","16 GB","Cream","Dual SIM / eSIM","201990","Название модели не найдено","","","Только модель"
"macbook-air-13-m1-8-gb-256-gb-space-gray","MacBook Air 13 M1","256 GB","8 GB","Space Gray","","56990","Модель только с ценой 1","246;247","","Только модель"
"macbook-air-13-m1-8-gb-256-gb-silver","MacBook Air 13 M1","256 GB","8 GB","Silver","","56990","Модель только с ценой 1","246;247","","Только модель"
"macbook-air-13-m1-8-gb-256-gb-gold","MacBook Air 13 M1","256 GB","8 GB","Gold","","56990","Модель только с ценой 1","246;247","","Только модель"
"macbook-neo-8-gb-256-gb-silver","MacBook Neo","256 GB","8 GB","Silver","","63990","Модель есть в таблице","1241;1242;1243;1244;1245;1246;1247;1248","","Только модель"
"macbook-neo-8-gb-256-gb-blush","MacBook Neo","256 GB","8 GB","Blush","","63990","Модель есть в таблице","1241;1242;1243;1244;1245;1246;1247;1248","","Только модель"
"macbook-neo-8-gb-256-gb-citrus","MacBook Neo","256 GB","8 GB","Citrus","","63990","Модель есть в таблице","1241;1242;1243;1244;1245;1246;1247;1248","","Только модель"
"macbook-neo-8-gb-256-gb-indigo","MacBook Neo","256 GB","8 GB","Indigo","","63990","Модель есть в таблице","1241;1242;1243;1244;1245;1246;1247;1248","","Только модель"
"macbook-neo-8-gb-512-gb-silver","MacBook Neo","512 GB","8 GB","Silver","","72990","Модель есть в таблице","1241;1242;1243;1244;1245;1246;1247;1248","","Только модель"
"macbook-neo-8-gb-512-gb-blush","MacBook Neo","512 GB","8 GB","Blush","","72990","Модель есть в таблице","1241;1242;1243;1244;1245;1246;1247;1248","","Только модель"
"macbook-neo-8-gb-512-gb-citrus","MacBook Neo","512 GB","8 GB","Citrus","","72990","Модель есть в таблице","1241;1242;1243;1244;1245;1246;1247;1248","","Только модель"
"macbook-neo-8-gb-512-gb-indigo","MacBook Neo","512 GB","8 GB","Indigo","","72990","Модель есть в таблице","1241;1242;1243;1244;1245;1246;1247;1248","","Только модель"
"macbook-air-13-m5-16-gb-512-gb-sky-blue","MacBook Air 13 M5","512 GB","16 GB","Sky Blue","","119990","Модель есть в таблице","1249;1250;1251;1252;1253;1254;1255;1256;1257;1258;1259;1260","","Только модель"
"macbook-air-13-m5-16-gb-512-gb-midnight","MacBook Air 13 M5","512 GB","16 GB","Midnight","","119990","Модель есть в таблице","1249;1250;1251;1252;1253;1254;1255;1256;1257;1258;1259;1260","","Только модель"
"macbook-air-13-m5-16-gb-512-gb-starlight","MacBook Air 13 M5","512 GB","16 GB","Starlight","","119990","Модель есть в таблице","1249;1250;1251;1252;1253;1254;1255;1256;1257;1258;1259;1260","","Только модель"
"macbook-air-13-m5-16-gb-512-gb-silver","MacBook Air 13 M5","512 GB","16 GB","Silver","","119990","Модель есть в таблице","1249;1250;1251;1252;1253;1254;1255;1256;1257;1258;1259;1260","","Только модель"
"macbook-air-13-m5-16-gb-1-tb-sky-blue","MacBook Air 13 M5","1 TB","16 GB","Sky Blue","","134990","Модель есть в таблице","1249;1250;1251;1252;1253;1254;1255;1256;1257;1258;1259;1260","","Только модель"
"macbook-air-13-m5-16-gb-1-tb-midnight","MacBook Air 13 M5","1 TB","16 GB","Midnight","","134990","Модель есть в таблице","1249;1250;1251;1252;1253;1254;1255;1256;1257;1258;1259;1260","","Только модель"
"macbook-air-13-m5-16-gb-1-tb-starlight","MacBook Air 13 M5","1 TB","16 GB","Starlight","","134990","Модель есть в таблице","1249;1250;1251;1252;1253;1254;1255;1256;1257;1258;1259;1260","","Только модель"
"macbook-air-13-m5-16-gb-1-tb-silver","MacBook Air 13 M5","1 TB","16 GB","Silver","","134990","Модель есть в таблице","1249;1250;1251;1252;1253;1254;1255;1256;1257;1258;1259;1260","","Только модель"
"macbook-air-13-m5-24-gb-1-tb-sky-blue","MacBook Air 13 M5","1 TB","24 GB","Sky Blue","","160990","Модель есть в таблице","1249;1250;1251;1252;1253;1254;1255;1256;1257;1258;1259;1260","","Только модель"
"macbook-air-13-m5-24-gb-1-tb-midnight","MacBook Air 13 M5","1 TB","24 GB","Midnight","","160990","Модель есть в таблице","1249;1250;1251;1252;1253;1254;1255;1256;1257;1258;1259;1260","","Только модель"
"macbook-air-13-m5-24-gb-1-tb-starlight","MacBook Air 13 M5","1 TB","24 GB","Starlight","","160990","Модель есть в таблице","1249;1250;1251;1252;1253;1254;1255;1256;1257;1258;1259;1260","","Только модель"
"macbook-air-13-m5-24-gb-1-tb-silver","MacBook Air 13 M5","1 TB","24 GB","Silver","","160990","Модель есть в таблице","1249;1250;1251;1252;1253;1254;1255;1256;1257;1258;1259;1260","","Только модель"
"macbook-air-15-m5-16-gb-512-gb-sky-blue","MacBook Air 15 M5","512 GB","16 GB","Sky Blue","","133990","Модель есть в таблице","1261;1262;1263;1264;1265;1266;1267;1268;1269;1270;1271;1272","","Только модель"
"macbook-air-15-m5-16-gb-512-gb-midnight","MacBook Air 15 M5","512 GB","16 GB","Midnight","","133990","Модель есть в таблице","1261;1262;1263;1264;1265;1266;1267;1268;1269;1270;1271;1272","","Только модель"
"macbook-air-15-m5-16-gb-512-gb-starlight","MacBook Air 15 M5","512 GB","16 GB","Starlight","","133990","Модель есть в таблице","1261;1262;1263;1264;1265;1266;1267;1268;1269;1270;1271;1272","","Только модель"
"macbook-air-15-m5-16-gb-512-gb-silver","MacBook Air 15 M5","512 GB","16 GB","Silver","","133990","Модель есть в таблице","1261;1262;1263;1264;1265;1266;1267;1268;1269;1270;1271;1272","","Только модель"
"macbook-air-15-m5-16-gb-1-tb-sky-blue","MacBook Air 15 M5","1 TB","16 GB","Sky Blue","","158990","Модель есть в таблице","1261;1262;1263;1264;1265;1266;1267;1268;1269;1270;1271;1272","","Только модель"
"macbook-air-15-m5-16-gb-1-tb-midnight","MacBook Air 15 M5","1 TB","16 GB","Midnight","","158990","Модель есть в таблице","1261;1262;1263;1264;1265;1266;1267;1268;1269;1270;1271;1272","","Только модель"
"macbook-air-15-m5-16-gb-1-tb-starlight","MacBook Air 15 M5","1 TB","16 GB","Starlight","","158990","Модель есть в таблице","1261;1262;1263;1264;1265;1266;1267;1268;1269;1270;1271;1272","","Только модель"
"macbook-air-15-m5-16-gb-1-tb-silver","MacBook Air 15 M5","1 TB","16 GB","Silver","","158990","Модель есть в таблице","1261;1262;1263;1264;1265;1266;1267;1268;1269;1270;1271;1272","","Только модель"
"macbook-air-15-m5-24-gb-1-tb-sky-blue","MacBook Air 15 M5","1 TB","24 GB","Sky Blue","","189990","Модель есть в таблице","1261;1262;1263;1264;1265;1266;1267;1268;1269;1270;1271;1272","","Только модель"
"macbook-air-15-m5-24-gb-1-tb-midnight","MacBook Air 15 M5","1 TB","24 GB","Midnight","","189990","Модель есть в таблице","1261;1262;1263;1264;1265;1266;1267;1268;1269;1270;1271;1272","","Только модель"
"macbook-air-15-m5-24-gb-1-tb-starlight","MacBook Air 15 M5","1 TB","24 GB","Starlight","","189990","Модель есть в таблице","1261;1262;1263;1264;1265;1266;1267;1268;1269;1270;1271;1272","","Только модель"
"macbook-air-15-m5-24-gb-1-tb-silver","MacBook Air 15 M5","1 TB","24 GB","Silver","","189990","Модель есть в таблице","1261;1262;1263;1264;1265;1266;1267;1268;1269;1270;1271;1272","","Только модель"
"ipad-11-a16-128-gb-blue","iPad 11 A16","128 GB","","Blue","","39990","Модель есть в таблице","1002;1003;1004;1005;1006;1007;1008;1009;1010;1011;1012;1013;1014;1015;1016;1017;1018;1019;1020;1021;1022;1023;1024;1025","","Только модель"
"ipad-11-a16-128-gb-pink","iPad 11 A16","128 GB","","Pink","","39990","Модель есть в таблице","1002;1003;1004;1005;1006;1007;1008;1009;1010;1011;1012;1013;1014;1015;1016;1017;1018;1019;1020;1021;1022;1023;1024;1025","","Только модель"
"ipad-11-a16-128-gb-yellow","iPad 11 A16","128 GB","","Yellow","","39990","Модель есть в таблице","1002;1003;1004;1005;1006;1007;1008;1009;1010;1011;1012;1013;1014;1015;1016;1017;1018;1019;1020;1021;1022;1023;1024;1025","","Только модель"
"ipad-11-a16-128-gb-silver","iPad 11 A16","128 GB","","Silver","","39990","Модель есть в таблице","1002;1003;1004;1005;1006;1007;1008;1009;1010;1011;1012;1013;1014;1015;1016;1017;1018;1019;1020;1021;1022;1023;1024;1025","","Только модель"
"ipad-11-a16-256-gb-blue","iPad 11 A16","256 GB","","Blue","","49990","Модель есть в таблице","1002;1003;1004;1005;1006;1007;1008;1009;1010;1011;1012;1013;1014;1015;1016;1017;1018;1019;1020;1021;1022;1023;1024;1025","","Только модель"
"ipad-11-a16-256-gb-pink","iPad 11 A16","256 GB","","Pink","","49990","Модель есть в таблице","1002;1003;1004;1005;1006;1007;1008;1009;1010;1011;1012;1013;1014;1015;1016;1017;1018;1019;1020;1021;1022;1023;1024;1025","","Только модель"
"ipad-11-a16-256-gb-yellow","iPad 11 A16","256 GB","","Yellow","","49990","Модель есть в таблице","1002;1003;1004;1005;1006;1007;1008;1009;1010;1011;1012;1013;1014;1015;1016;1017;1018;1019;1020;1021;1022;1023;1024;1025","","Только модель"
"ipad-11-a16-256-gb-silver","iPad 11 A16","256 GB","","Silver","","49990","Модель есть в таблице","1002;1003;1004;1005;1006;1007;1008;1009;1010;1011;1012;1013;1014;1015;1016;1017;1018;1019;1020;1021;1022;1023;1024;1025","","Только модель"
"ipad-air-11-m4-128-gb-blue","iPad Air 11 M4","128 GB","","Blue","","59990","Модель есть в таблице","1209;1210;1211;1212;1213;1214;1215;1216;1217;1218;1219;1220;1221;1222;1223;1224","","Только модель"
"ipad-air-11-m4-128-gb-purple","iPad Air 11 M4","128 GB","","Purple","","59990","Модель есть в таблице","1209;1210;1211;1212;1213;1214;1215;1216;1217;1218;1219;1220;1221;1222;1223;1224","","Только модель"
"ipad-air-11-m4-128-gb-starlight","iPad Air 11 M4","128 GB","","Starlight","","59990","Модель есть в таблице","1209;1210;1211;1212;1213;1214;1215;1216;1217;1218;1219;1220;1221;1222;1223;1224","","Только модель"
"ipad-air-11-m4-128-gb-space-gray","iPad Air 11 M4","128 GB","","Space Gray","","59990","Модель есть в таблице","1209;1210;1211;1212;1213;1214;1215;1216;1217;1218;1219;1220;1221;1222;1223;1224","","Только модель"
"ipad-air-11-m4-256-gb-blue","iPad Air 11 M4","256 GB","","Blue","","70990","Модель есть в таблице","1209;1210;1211;1212;1213;1214;1215;1216;1217;1218;1219;1220;1221;1222;1223;1224","","Только модель"
"ipad-air-11-m4-256-gb-purple","iPad Air 11 M4","256 GB","","Purple","","70990","Модель есть в таблице","1209;1210;1211;1212;1213;1214;1215;1216;1217;1218;1219;1220;1221;1222;1223;1224","","Только модель"
"ipad-air-11-m4-256-gb-starlight","iPad Air 11 M4","256 GB","","Starlight","","70990","Модель есть в таблице","1209;1210;1211;1212;1213;1214;1215;1216;1217;1218;1219;1220;1221;1222;1223;1224","","Только модель"
"ipad-air-11-m4-256-gb-space-gray","iPad Air 11 M4","256 GB","","Space Gray","","70990","Модель есть в таблице","1209;1210;1211;1212;1213;1214;1215;1216;1217;1218;1219;1220;1221;1222;1223;1224","","Только модель"
"ipad-air-13-m4-128-gb-blue","iPad Air 13 M4","128 GB","","Blue","","72990","Модель есть в таблице","1225;1226;1227;1228;1229;1230;1231;1232;1233;1234;1235;1236;1237;1238;1239;1240","","Только модель"
"ipad-air-13-m4-128-gb-purple","iPad Air 13 M4","128 GB","","Purple","","72990","Модель есть в таблице","1225;1226;1227;1228;1229;1230;1231;1232;1233;1234;1235;1236;1237;1238;1239;1240","","Только модель"
"ipad-air-13-m4-128-gb-starlight","iPad Air 13 M4","128 GB","","Starlight","","72990","Модель есть в таблице","1225;1226;1227;1228;1229;1230;1231;1232;1233;1234;1235;1236;1237;1238;1239;1240","","Только модель"
"ipad-air-13-m4-128-gb-space-gray","iPad Air 13 M4","128 GB","","Space Gray","","72990","Модель есть в таблице","1225;1226;1227;1228;1229;1230;1231;1232;1233;1234;1235;1236;1237;1238;1239;1240","","Только модель"
"ipad-air-13-m4-256-gb-blue","iPad Air 13 M4","256 GB","","Blue","","82990","Модель есть в таблице","1225;1226;1227;1228;1229;1230;1231;1232;1233;1234;1235;1236;1237;1238;1239;1240","","Только модель"
"ipad-air-13-m4-256-gb-purple","iPad Air 13 M4","256 GB","","Purple","","82990","Модель есть в таблице","1225;1226;1227;1228;1229;1230;1231;1232;1233;1234;1235;1236;1237;1238;1239;1240","","Только модель"
"ipad-air-13-m4-256-gb-starlight","iPad Air 13 M4","256 GB","","Starlight","","82990","Модель есть в таблице","1225;1226;1227;1228;1229;1230;1231;1232;1233;1234;1235;1236;1237;1238;1239;1240","","Только модель"
"ipad-air-13-m4-256-gb-space-gray","iPad Air 13 M4","256 GB","","Space Gray","","82990","Модель есть в таблице","1225;1226;1227;1228;1229;1230;1231;1232;1233;1234;1235;1236;1237;1238;1239;1240","","Только модель"
"apple-watch-series-12-42-light-gold-burgundy-sport-band","Apple Watch Series 12","","","Light Gold · ремешок Burgundy Sport Band","","37490","Модель без подтверждённой цены","1377;1378;1379;1380;1381;1382;1383;1384;1385;1386;1387;1388;1389;1390;1391;1392","","Только модель"
"apple-watch-ultra-4-49-natural-titanium-burgundy-trail-loop","Apple Watch Ultra 4","","","Natural Titanium · ремешок Burgundy Trail Loop","","74990","Модель без подтверждённой цены","1395;1396;1397;1398;1399;1400","","Только модель"
"apple-watch-series-11-42-apple-watch-series-11-glossy-black","Apple Watch Series 11","","","Глянцевый чёрный","","30990","Модель есть в таблице","925;926;927;928;929;930;931;932;934;935;936;937;938;939","","Только модель"
"apple-watch-series-11-42-apple-watch-series-11-rose-gold","Apple Watch Series 11","","","Розовое золото","","30990","Модель есть в таблице","925;926;927;928;929;930;931;932;934;935;936;937;938;939","","Только модель"
"apple-watch-series-11-42-apple-watch-series-11-silver","Apple Watch Series 11","","","Серебристый","","30990","Модель есть в таблице","925;926;927;928;929;930;931;932;934;935;936;937;938;939","","Только модель"
"apple-watch-series-11-42-apple-watch-series-11-space-gray","Apple Watch Series 11","","","Серый космос","","30990","Модель есть в таблице","925;926;927;928;929;930;931;932;934;935;936;937;938;939","","Только модель"
"apple-watch-series-11-46-apple-watch-series-11-glossy-black","Apple Watch Series 11","","","Глянцевый чёрный","","33990","Модель есть в таблице","925;926;927;928;929;930;931;932;934;935;936;937;938;939","","Только модель"
"apple-watch-series-11-46-apple-watch-series-11-rose-gold","Apple Watch Series 11","","","Розовое золото","","33990","Модель есть в таблице","925;926;927;928;929;930;931;932;934;935;936;937;938;939","","Только модель"
"apple-watch-series-11-46-apple-watch-series-11-silver","Apple Watch Series 11","","","Серебристый","","33990","Модель есть в таблице","925;926;927;928;929;930;931;932;934;935;936;937;938;939","","Только модель"
"apple-watch-series-11-46-apple-watch-series-11-space-gray","Apple Watch Series 11","","","Серый космос","","33990","Модель есть в таблице","925;926;927;928;929;930;931;932;934;935;936;937;938;939","","Только модель"
"apple-watch-se-3-40-apple-watch-se-3-midnight","Apple Watch SE 3","","","Тёмная ночь","","22490","Модель есть в таблице","943;944;945;946","","Только модель"
"apple-watch-se-3-40-apple-watch-se-3-starlight","Apple Watch SE 3","","","Сияющая звезда","","22490","Модель есть в таблице","943;944;945;946","","Только модель"
"apple-watch-se-3-44-apple-watch-se-3-midnight","Apple Watch SE 3","","","Тёмная ночь","","25990","Модель есть в таблице","943;944;945;946","","Только модель"
"apple-watch-se-3-44-apple-watch-se-3-starlight","Apple Watch SE 3","","","Сияющая звезда","","25990","Модель есть в таблице","943;944;945;946","","Только модель"
"apple-watch-ultra-3-49-apple-watch-ultra-3-natural-titanium","Apple Watch Ultra 3","","","Натуральный титан","","59990","Модель есть в таблице","940;941;942","","Только модель"
"apple-watch-ultra-3-49-apple-watch-ultra-3-black-titanium","Apple Watch Ultra 3","","","Чёрный титан","","59990","Модель есть в таблице","940;941;942","","Только модель"
"airpods-5-with-wireless-charging-case-white","AirPods 5 with Wireless Charging Case","","","White","","19090","Модель без подтверждённой цены","1393;1394","","Только модель"
"airpods-max-2-2024-midnight","AirPods Max 2 2024","","","Midnight","","39990","Модель есть в таблице","534;535;536;537;538","","Только модель"
"airpods-max-2-2024-blue","AirPods Max 2 2024","","","Blue","","39990","Модель есть в таблице","534;535;536;537;538","","Только модель"
"airpods-max-2-2024-purple","AirPods Max 2 2024","","","Purple","","39990","Модель есть в таблице","534;535;536;537;538","","Только модель"
"airpods-max-2-2024-orange","AirPods Max 2 2024","","","Orange","","39990","Модель есть в таблице","534;535;536;537;538","","Только модель"
"airpods-max-2-2024-starlight","AirPods Max 2 2024","","","Starlight","","39990","Модель есть в таблице","534;535;536;537;538","","Только модель"
"airpods-max-2-2026-midnight","AirPods Max 2 2026","","","Midnight","","44990","Модель есть в таблице","534;535;536;537;538","","Только модель"
"airpods-max-2-2026-blue","AirPods Max 2 2026","","","Blue","","44990","Модель есть в таблице","534;535;536;537;538","","Только модель"
"airpods-max-2-2026-purple","AirPods Max 2 2026","","","Purple","","44990","Модель есть в таблице","534;535;536;537;538","","Только модель"
"airpods-max-2-2026-orange","AirPods Max 2 2026","","","Orange","","44990","Модель есть в таблице","534;535;536;537;538","","Только модель"
"airpods-max-2-2026-starlight","AirPods Max 2 2026","","","Starlight","","44990","Модель есть в таблице","534;535;536;537;538","","Только модель"
"airpods-4-white","AirPods 4","","","White","","10990","Модель есть в таблице","308","","Только модель"
"airpods-4-anc-white","AirPods 4 ANC","","","White","","15490","Модель есть в таблице","309","","Только модель"
"airpods-pro-2-white","AirPods Pro 2","","","White","","15490","Модель есть в таблице","310","","Только модель"
"airpods-pro-3-white","AirPods Pro 3","","","White","","18990","Модель есть в таблице","933","","Только модель"
"marshall-major-5-black","Marshall Major 5","","","Black","","7990","Модель есть в таблице","780;781;782","","Только модель"
"marshall-monitor-3-anc-black","Marshall Monitor 3 ANC","","","Black","","23990","Название модели не найдено","","","Только модель"
"marshall-stanmore-3-black","Marshall Stanmore 3","","","Black","","31990","Название модели не найдено","","","Только модель"
"marshall-stanmore-2-black","Marshall Stanmore 2","","","Black","","29990","Название модели не найдено","","","Только модель"
"marshall-woburn-3-black","Marshall Woburn 3","","","Black","","43990","Название модели не найдено","","","Только модель"
"marshall-woburn-2-black","Marshall Woburn 2","","","Black","","35990","Название модели не найдено","","","Только модель"
"jbl-flip-6-black","JBL Flip 6","","","Black","","9490","Модель только с ценой 1","1117;1118;1119","","Только модель"
"jbl-charge-6-black","JBL Charge 6","","","Black","","13990","Модель без подтверждённой цены","1120;1121;1122","","Только модель"
"jbl-flip-7-black","JBL Flip 7","","","Black","","10990","Название модели не найдено","","","Только модель"
"jbl-go-3-black","JBL Go 3","","","Black","","3990","Название модели не найдено","","","Только модель"
"jbl-go-4-black","JBL Go 4","","","Black","","4090","Модель только с ценой 1","1108;1109;1110","","Только модель"
"jbl-xtreme-3-black","JBL Xtreme 3","","","Black","","20990","Название модели не найдено","","","Только модель"
"jbl-xtreme-4-black","JBL Xtreme 4","","","Black","","22990","Название модели не найдено","","","Только модель"
"jbl-boombox-3-black","JBL Boombox 3","","","Black","","","Название модели не найдено","","","Только модель"
"jbl-partybox-black","JBL PartyBox","","","Black","","","Название модели не найдено","","","Только модель"
"playstation-5-pro-2tb","PlayStation 5 Pro","","","Белый","","107990","Модель есть в таблице","571","","Только модель"
"playstation-5-slim-1tb","PlayStation 5 Slim","","","Белый","","64990","Модель есть в таблице","444","","Только модель"
"playstation-5-slim-1tb-digital","PlayStation 5 Slim Digital","","","Белый","","58990","Название модели не найдено","","","Только модель"
"dualsense-ps5","DualSense PS5","","","Белый","","6990","Модель есть в таблице","442","","Только модель"
"dualsense-ps5-midnight-black","DualSense PS5","","","Чёрный","","6990","Модель есть в таблице","442","","Только модель"
"dualsense-ps5-cosmic-red","DualSense PS5","","","Красный","","6990","Модель есть в таблице","442","","Только модель"
"dualsense-ps5-nova-pink","DualSense PS5","","","Розовый","","6990","Модель есть в таблице","442","","Только модель"
"charging-station-ps5","Charging Station PS5","","","Белый","","3490","Модель только с ценой 1","569","","Только модель"
"pixel10proxl-obsidian","Google Pixel 10 Pro XL","256 ГБ","","Обсидиан","","74800","Название модели не найдено","","","Только модель"
"pixel10proxl-porcelain","Google Pixel 10 Pro XL","256 ГБ","","Фарфор","","74800","Название модели не найдено","","","Только модель"
"pixel10proxl-moonstone","Google Pixel 10 Pro XL","256 ГБ","","Лунный камень","","74800","Название модели не найдено","","","Только модель"
"pixel10proxl-jade","Google Pixel 10 Pro XL","256 ГБ","","Нефрит","","74800","Название модели не найдено","","","Только модель"
"pixel10-indigo","Google Pixel 10","256 ГБ","","Индиго","","51700","Название модели не найдено","","","Только модель"
"pixel10-obsidian","Google Pixel 10","256 ГБ","","Обсидиан","","51700","Название модели не найдено","","","Только модель"
"pixel10-lemongrass","Google Pixel 10","256 ГБ","","Лаймовый","","51700","Название модели не найдено","","","Только модель"
"pixel10-frost","Google Pixel 10","256 ГБ","","Морозный","","51700","Название модели не найдено","","","Только модель"
"pixel9proxl-porcelain","Google Pixel 9 Pro XL","128 ГБ","","Фарфор","","54890","Название модели не найдено","","","Только модель"
"pixel9proxl-rose-quartz","Google Pixel 9 Pro XL","128 ГБ","","Розовый кварц","","54890","Название модели не найдено","","","Только модель"
"pixel9proxl-hazel","Google Pixel 9 Pro XL","128 ГБ","","Серо-зелёный","","54890","Название модели не найдено","","","Только модель"
"pixel9proxl-obsidian","Google Pixel 9 Pro XL","128 ГБ","","Обсидиан","","54890","Название модели не найдено","","","Только модель"
"xiaomi-15-ultra-512-gb-silver-chrome","Xiaomi 15 Ultra","512 GB","16 GB","Silver Chrome","","119990","Название модели не найдено","","","Только модель"
"xiaomi-15-256-gb-green","Xiaomi 15","256 GB","12 GB","Green","","51615","Название модели не найдено","","","Только модель"
"redmi-note-14-pro-5g-512-gb-frost-blue","Redmi Note 14 Pro+ 5G","512 GB","12 GB","Frost Blue","","46990","Название модели не найдено","","","Только модель"
"redmi-note-14-pro-5g-512-gb-midnight-black","Redmi Note 14 Pro+ 5G","512 GB","12 GB","Midnight Black","","46990","Название модели не найдено","","","Только модель"
"poco-x7-pro-512-gb-yellow","Poco X7 Pro","512 GB","12 GB","Yellow","","42990","Название модели не найдено","","","Только модель"
"poco-x7-pro-512-gb-black-yellow","Poco X7 Pro","512 GB","12 GB","Black / Yellow","","42990","Название модели не найдено","","","Только модель"
"instax-mini-13-frost-blue","Instax Mini 13","","","Frost Blue","","12444","Название модели не найдено","","","Только модель"
"instax-mini-12-pastel-blue","Instax Mini 12","","","Pastel Blue","","9394","Название модели не найдено","","","Только модель"
"instax-mini-evo-black","Instax Mini Evo","","","Black","","18056","Название модели не найдено","","","Только модель"
"instax-mini-evo-brown","Instax Mini Evo","","","Brown","","18788","Название модели не найдено","","","Только модель"
"instax-mini-evo-gentle-rose","Instax Mini Evo","","","Gentle Rose","","22440","Название модели не найдено","","","Только модель"
"instax-mini-evo-cinema-black","Instax Mini Evo Cinema","","","Black","","34320","Название модели не найдено","","","Только модель"
"dyson-airwrap-long-hs05-prussian-blue-rich-copper","Dyson Airwrap Long HS05","","","Prussian Blue / Rich Copper","","34990","Модель только с ценой 1","373;374;375;376","","Только модель"
"dyson-airwrap-long-hs05-nickel-copper","Dyson Airwrap Long HS05","","","Nickel / Copper","","34990","Модель только с ценой 1","373;374;375;376","","Только модель"
"dyson-airwrap-long-hs08-ceramic-patina-topaz","Dyson Airwrap Long HS08","","","Ceramic Patina / Topaz","","34990","Модель есть в таблице","777;778;1273;1274;1275;1276;1277;1278","","Только модель"
"dyson-airwrap-long-hs08-strawberry-bronze-blush-pink","Dyson Airwrap Long HS08","","","Strawberry Bronze / Blush Pink","","34990","Модель есть в таблице","777;778;1273;1274;1275;1276;1277;1278","","Только модель"
"dyson-airwrap-long-hs09-ceramic-pink-rose-gold","Dyson Airwrap Long HS09","","","Ceramic Pink / Rose Gold","","39990","Модель есть в таблице","1058;1059;1060;1279;1280","","Только модель"
"dyson-airwrap-long-hs09-jasper-plum","Dyson Airwrap Long HS09","","","Jasper Plum","","39990","Модель есть в таблице","1058;1059;1060;1279;1280","","Только модель"
"dyson-supersonic-hd16-ceramic-patina-topaz","Dyson Supersonic HD16","","","Ceramic Patina / Topaz","","32990","Модель есть в таблице","773;774;775;1289","","Только модель"
"dyson-supersonic-hd16-prussian-blue-rich-copper","Dyson Supersonic HD16","","","Prussian Blue / Rich Copper","","32990","Модель есть в таблице","773;774;775;1289","","Только модель"
"dyson-supersonic-hd18-vinca-blue-topaz","Dyson Supersonic HD18","","","Vinca Blue / Topaz","","32990","Модель только с ценой 1","776","","Только модель"
"dyson-supersonic-hd18-ceramic-pink-rose-gold","Dyson Supersonic HD18","","","Ceramic Pink / Rose Gold","","32990","Модель только с ценой 1","776","","Только модель"
"dyson-airstrait-ht01-ceramic-pink-rose-gold","Dyson Airstrait HT01","","","Ceramic Pink / Rose Gold","","29990","Модель есть в таблице","378;1281;1282;1283;1284;1285","","Только модель"
"dyson-airstrait-ht01-prussian-blue-rich-copper","Dyson Airstrait HT01","","","Prussian Blue / Rich Copper","","29990","Модель есть в таблице","378;1281;1282;1283;1284;1285","","Только модель"
"additional-iphone-17-512-esim-white","iPhone 17","512","","White","eSim","","sold","920","50000","Вариант iPhone"
"additional-iphone-17-512-esim-sage","iPhone 17","512","","Sage","eSim","","sold","922","50000","Вариант iPhone"
"additional-pencil-pro","Pencil pro","","","","","11490","Модель есть в таблице","533","","Только модель"
"additional-pencil-usb-c","Pencil USB-C","","","","","8990","Модель есть в таблице","341","","Только модель"
"additional-apple-watch-se-2-40","Apple Watch SE 2","","","","","16990","Название модели не найдено","","","Только модель"
"additional-apple-watch-se-2-44","Apple Watch SE 2","","","","","17990","Название модели не найдено","","","Только модель"
"additional-apple-watch-10-42","Apple Watch Series 10","","","","","24990","Модель только с ценой 1","322;323;324;325;326;327;572;573;574;575;576;577","","Только модель"
"additional-apple-watch-10-46","Apple Watch Series 10","","","","","26990","Модель только с ценой 1","322;323;324;325;326;327;572;573;574;575;576;577","","Только модель"
"additional-apple-watch-ultra-2-49","Apple Watch Ultra 2","","","","","53990","Модель есть в таблице","336;337;338;578;579;580;581;582;583","","Только модель"
"additional-samsung-s25-8-128","Samsung Galaxy S25","128","8","","","","Модель есть в таблице","742;743;744;745","","Только модель"
"additional-ps-portal","PS Portal","","","","","25990","Название модели не найдено","","","Только модель"
"additional-ps-v2","PlayStation VR2","","","","","37990","Название модели не найдено","","","Только модель"
"additional-diskovod-ps5","Дисковод PS5","","","","","11990","Модель есть в таблице","570","","Только модель"
"additional-xiaomi-17-ultra-16-512","Xiaomi 17 Ultra","512","16","","","95460","Название модели не найдено","","","Только модель"
"additional-xiaomi-17-ultra-16-512-russian","Xiaomi 17 Ultra","512","16","","","102120","Название модели не найдено","","","Только модель"
"additional-xiaomi-17-ultra-16-1tb","Xiaomi 17 Ultra","1TB","16","","","","Название модели не найдено","","","Только модель"
"additional-xiaomi-17-12-256-russian","Xiaomi 17","256","12","","","68598","Название модели не найдено","","","Только модель"
"additional-xiaomi-17-12-512-black","Xiaomi 17","512","12","Black","","68265","Название модели не найдено","","","Только модель"
"additional-xiaomi-15t-pro-12-256","Xiaomi 15T Pro","256","12","","","48840","Название модели не найдено","","","Только модель"
"additional-xiaomi-15t-pro-12-512","Xiaomi 15T Pro","512","12","","","56610","Название модели не найдено","","","Только модель"
"additional-xiaomi-15-12-512","Xiaomi 15","512","12","","","53280","Название модели не найдено","","","Только модель"
"additional-xiaomi-13t-pro-12-512","Xiaomi 13T Pro","512","12","","","42735","Название модели не найдено","","","Только модель"
"additional-xiaomi-12-8-256","Xiaomi 12","256","8","","","21090","Название модели не найдено","","","Только модель"
"additional-xiaomi-12-12-512-russian","Xiaomi 12","512","12","","","46620","Название модели не найдено","","","Только модель"
"additional-redmi-note-15-pro-plus-5g-8-256","Redmi Note 15 Pro+ 5G","256","8","","","28194","Название модели не найдено","","","Только модель"
"additional-redmi-note-15-pro-plus-5g-12-512","Redmi Note 15 Pro+ 5G","512","12","","","33300","Название модели не найдено","","","Только модель"
"additional-redmi-note-15-pro-5g-8-256","Redmi Note 15 Pro 5G","256","8","","","24420","Название модели не найдено","","","Только модель"
"additional-redmi-note-15-pro-5g-8-512","Redmi Note 15 Pro 5G","512","8","","","26085","Название модели не найдено","","","Только модель"
"additional-redmi-note-15-5g-8-256","Redmi Note 15 5G","256","8","","","22755","Название модели не найдено","","","Только модель"
"additional-redmi-note-15-pro-8-256","Redmi Note 15 Pro","256","8","","","19980","Название модели не найдено","","","Только модель"
"additional-redmi-note-15-pro-12-256","Redmi Note 15 Pro","256","12","","","21645","Название модели не найдено","","","Только модель"
"additional-redmi-note-15-pro-12-512","Redmi Note 15 Pro","512","12","","","24753","Название модели не найдено","","","Только модель"
"additional-redmi-note-15-6-128","Redmi Note 15","128","6","","","12765","Название модели не найдено","","","Только модель"
"additional-redmi-note-15-8-128","Redmi Note 15","128","8","","","13986","Название модели не найдено","","","Только модель"
"additional-redmi-note-15-8-256","Redmi Note 15","256","8","","","16206","Название модели не найдено","","","Только модель"
"additional-redmi-note-14-pro-plus-5g-8-256-gold","Redmi Note 14 Pro+ 5G","256","8","Gold","","25308","Название модели не найдено","","","Только модель"
"additional-redmi-note-14-pro-plus-5g-12-256","Redmi Note 14 Pro+ 5G","256","12","","","25752","Название модели не найдено","","","Только модель"
"additional-redmi-note-14-5g-8-128","Redmi Note 14 5G","128","8","","","16095","Название модели не найдено","","","Только модель"
"additional-redmi-note-14-5g-8-256","Redmi Note 14 5G","256","8","","","16872","Название модели не найдено","","","Только модель"
"additional-redmi-note-14-5g-12-512","Redmi Note 14 5G","512","12","","","21090","Название модели не найдено","","","Только модель"
"additional-redmi-note-14-pro-12-256","Redmi Note 14 Pro","256","12","","","24420","Название модели не найдено","","","Только модель"
"additional-redmi-note-14s-8-256","Redmi Note 14S","256","8","","","16539","Название модели не найдено","","","Только модель"
"additional-redmi-note-14s-12-512","Redmi Note 14S","512","12","","","20535","Название модели не найдено","","","Только модель"
"additional-redmi-note-14-6-128","Redmi Note 14","128","6","","","11655","Название модели не найдено","","","Только модель"
"additional-xiaomi-pad-8-pro-8-256-wi-fi","Xiaomi Pad 8 Pro","256","8","","","42180","Название модели не найдено","","","Только модель"
"additional-xiaomi-pad-8-pro-12-512-gray-wi-fi","Xiaomi Pad 8 Pro","512","12","Gray","","53280","Название модели не найдено","","","Только модель"
"additional-xiaomi-pad-8-8-128-wi-fi","Xiaomi Pad 8","128","8","","","29970","Название модели не найдено","","","Только модель"
"additional-xiaomi-pad-8-8-256-wi-fi","Xiaomi Pad 8","256","8","","","33300","Название модели не найдено","","","Только модель"
"additional-xiaomi-pad-7-8-128-wi-fi","Xiaomi Pad 7","128","8","","","24420","Название модели не найдено","","","Только модель"
"additional-xiaomi-pad-7-8-256-wi-fi","Xiaomi Pad 7","256","8","","","26640","Название модели не найдено","","","Только модель"
"additional-xiaomi-pad-7-12-256-wi-fi","Xiaomi Pad 7","256","12","","","29970","Название модели не найдено","","","Только модель"
"additional-yandeks-stantsiya-duo","Яндекс станция Дуо","","","","","37990","Модель есть в таблице","531;532","","Только модель"
"additional-yandeks-stantsiya-maks","Яндекс станция Макс","","","","","28990","Модель есть в таблице","527;528;529;530","","Только модель"
"additional-yandeks-stantsiya-2","Яндекс станция 2","","","","","15990","Модель есть в таблице","523;524;525;526","","Только модель"
"additional-yandeks-stantsiya-midi","Яндекс станция Миди","","","","","14990","Модель есть в таблице","518;519;520;521;522","","Только модель"
"additional-yandeks-stantsiya-strit","Яндекс станция Стрит","","","","","12490","Модель только с ценой 1","1106;1107","","Только модель"
"additional-yandeks-stantsiya-mini-3-s-chasami","Яндекс станция мини 3 с часами","","","","","9490","Модель без подтверждённой цены","767;768;769","","Только модель"
"additional-yandeks-stantsiya-3-pro-s-chasami","Яндекс Станция Мини 3 Про с часами","","","","","11490","Название модели не найдено","","","Только модель"
"additional-yandeks-stantsiya-layt-2-s-chasami","Яндекс станция Лайт 2 с часами","","","","","5590","Модель только с ценой 1","758;759;760;761;762","","Только модель"
"additional-yandeks-stantsiya-2-s-chasami","Яндекс Станция Мини 2 с часами","","","","","7990","Модель без подтверждённой цены","514;515;516;517","","Только модель"